clave,claveAntes,concepto,smae_id
011111,A019,Arroz en grano,"1006, 1007, 1010, 1011, 1012, 1013, 1014, 1015, 1016"
011112,A001,Maíz en grano,"1202, 1203, 1204, 1205, 1206, 1207, 1208, 1209"
011113,A024,Otros cereales,"1024, 1030, 1062, 1063, 1064, 1219, 1220, 1293, 1301, 1316, 1317, 1318, 1319, 1320, 1003, 1004"
011121,A002,Harina de maíz,"1110, 1111, 1151, 1152, 1153, 1154, 1163, 1168, 1201"
011122,A007,Harina de trigo,"1141, 1142, 1143, 1156, 1157, 1158, 1159, 1160, 1161, 1162"
011131,A004,Tortillas de maíz,"1306, 1307, 1308, 1309, 1310, 1311, 1312"
011132,A008,Tortillas de harina de trigo,"1460, 1461"
011133,A012,Pan,"1031, 1032, 1033, 1034, 1035, 1036, 1037, 1038, 1044, 1045, 1046, 1047, 1048, 1104, 1225, 1233, 1234, 1235, 1238, 1239, 1241, 1242, 1243, 1255, 1256, 1257, 1260, 1305"
011134,A015,Pan de caja,"1261, 1244, 1245, 1249, 1250, 1258, 1259, 1217, 1218"
011135,A010,Galletas dulces,"1121, 1122, 1123, 1124, 1125, 1126, 1133, 1134, 1323, 1324, 1325, , 1412, 1413
1326, 1327, 1328, 1329, 1330, 1331, 1332, 1333, 1334, 1350, 1372,
1373, 1374, 1375, 1376, 1377, 1378, 1379, 1380, 1381, 1382, 1383,
1385, 1387, 1388, 1389"
011136,A011,Galletas saladas,"1127, 1128, 1129, 1130, 1138, 1139, 1140, 1386, 1396"
011137,A013,Pan dulce a granel,"1341, 1354, 1363, 1364, 1401, 1404, 1407, 1408, 1414, 1419, 1450, 1465, 1466, 1467, 1468, 1469"
011138,A014,Pan dulce empaquetado,"1336, 1337, 1338, 1339, 1357, 1358, 1359, 1365, 1390, 1402, 1421, 1422, 1423, 1424, 1425, 1438, 1439, 1451, 1464"
011139,A016,Pasteles y pastelillos en piezas o a granel,"1118, 1287, 1335, 1343, 1344, 1345, 1355, 1356, 1361, 1368, 1371, 1384, 1435, 1436, 1437, 1441, 1442, 1443, 1444, 1445, 1446, 1447, 1453"
01113A,A017,Pasteles y pastelillos empaquetados,"1333, 1334, 1390, 1402, 1409, 1410, 1438, 1439, 1451"
011140,A021,Cereales para el desayuno,"1008, 1009, 1020, 1021, 1022, 1023, 1025, 1026, 1027, 1028, 1029, 1065, 1066, 1067, 1068, 1069, 1070, 1071, 1072, 1073, 1074, 1075, 1076, 1077, 1078, 1079, 1080, 1081, 1082, 1113, 1170, 1171, 1172, 1173, 1174, 1175, 1176, 1177, 1178, 1179, 1180, 1181, 1182, 1184, 1185, 1186, 1187, 1188, 1189, 1190, 1191, 1192, 1193, 1194, 1195, 1221, 1391, 1392, 1393, 1394, 1395"
011150,A009,Spaghetti,"1060, 1083, 1084, 1107, 1109, 1112, 1115, 1116, 1117, 1120, 1197, 1199, 1279, 1280, 1281, 1283, 1285, 1299, 1303"
011191,A022,Botanas elaboradas con cereales,"1226, 1227, 1230, 1231, 1342, 1346, 1347, 1348, 1349,
1353, 1366, 1367, 1369, 1370, 1405, 1411, 1415, 1416"
011192,A005,Tostadas,"1314, 1315, 1462, 1463"
011193,A003,Masa de maíz,"1212, 1213, 1214, 1215, 1216, 1222"
011194,A006,Otros productos de maíz para ser preparados,"1210, 1289, 1298"
011195,NA,Otros productos de panadería,"1355, 1356, 1401, 1434"
011196,NA,Otros productos elaborados con cereales,"1062, 1144, 1145, 1148, 1149, 1150, 1135"
011210,NA,Animales terrestres vivos,"2240, 2155"
011221,A025,Bistec de res,"2140, 2141, 2143, 2204"
011222,NA,Chuleta y costilla de res,2221
011223,A032,Cortes especiales de res,"2122, 2126, 2128, 2131, 2329, 2342"
011224,A034,Molida de res,"2075, 2076, 2077, 2078, 2145, 2146, 2210, 2211, 2212, 2246"
011225,NA,Retazo de res,"2102, 2324, 2325, 2327"
011226,NA,Otros cortes de res,"2001, 2176, 2209, 2222, 2269"
011227,NA,Carne de ternera,"2011, 2023, 2042, 2071, 2073, 2110, 2132, 2133, 2328"
011228,A042,Costillas y chuleta de puerco,"2031, 2153, 2154"
011229,A039,Pierna de puerco,"2104, 2108"
01122A,A040,Pulpa de puerco,"2109, 2243, 2244"
01122B,A038,Lomo de puerco,"2068, 2069"
01122C,NA,Milanesa,"2072, 2045, 2046, 2043"
01122D,A063,Carne de cordero y cabra fresca,"2026, 2027, 2070, 2103, 2105, 2121, 2217, 2218, 2219, 2220, 2245"
01122F,A059,Pollo entero o en piezas (excepto pierna,"2048, 2049, 2101, 2206, 2207, 2266, 2326"
01122G,A061,Carne de otras aves,"2020, 2021, 2038, 2050, 2051, 2094, 2095, 2096"
01122H,A065,Otras carnes comestibles frescas,"2032, 2033, 2258"
01122I,A204,Insectos,"2155, 2240"
011231,A052,Jamón de puerco,"2233, 2234, 2235, 2236, 2238, 2239"
011232,A054,Tocino de puerco,"8124, 8125, 8126, 8127, 8128"
011233,A050,Chuleta y carne ahumada,NA
011234,A051,Machaca y carne seca,"2144, 2214"
011235,A053,Mortadela,"2250, 2330, 2331"
011241,A037,Vísceras de res,"2060, 2061, 2339, 2340, 2341, 2344, 2345"
011242,A046,Vísceras de puerco,"2054, 2089, 2174, 2175, 2198, 2241"
011243,NA,Vísceras de aves,"2038, 2058, 2059"
011244,NA,Vísceras de otros animales,"2034, 2035, 2036, 2037, 2053, 2199, 2200, 2263"
011245,A060,Otras piezas de pollo,"2101, 2206, 2207, 2266"
011246,A045,Carne de otras partes del puerco,"2016, 2172, 2173, 2224, 2225"
011247,A030,Espinazo de res,2102
011251,A055,Salchicha y salchichón de puerco,"2332, 2333, 2335, 2337, 2338"
011252,A049,Chorizo de puerco,"2167, 8164, 8165"
011253,A056,Otros embutidos y carnes procesadas,"2040, 2041, 2150, 2151, 2152, 2247, 2248, 2249, 2264, 2265"
011254,A047,Carne adobada o enchilada,"2009, 2010"
011255,NA,Nuggets de otras carnes,2254
011256,NA,Otros preparados de carne fresca,"2052, 2055, 2056, 2057, 2090, 2091, 2092, 2259, 2260, 2261, 2262"
011310,A066,Pescado fresco,"2028, 2029, 2030, 2044, 2086, 2087, 2088, 2098, 2099, 2100, 2135, 2168, 2169, 2201, 2202, 2203"
011321,A070,Pescado ahumado,"2127, 2136"
011322,A068,Atún enlatado,"2007, 2008"
011323,NA,Sardina enlatada,"2196, 2197"
011324,NA,Otros pescados en conserva,"2002, 2003, 2012, 2013, 2090, 2123, 2124, 2125, 2139, 2195"
011331,A067,Filetes de pescado rebozados o empanizados,2257
011332,NA,Surimi y otras preparaciones de pescado,NA
011341,A072,Camarón fresco,NA
011342,A073,Mariscos frescos,"2080, 2081, 2082, 2086, 2087, 2088, 2098, 2099, 2100"
011343,A074,Camarón y otros mariscos congelados,NA
011351,NA,Mariscos ahumados,2255
011352,NA,Mariscos en conserva,"2083, 2084, 2085, 2256"
011360,NA,Otras preparaciones de mariscos,"2091, 2092, 2017"
011370,NA,Hígados,"2062, 2147, 2148, 2149"
011411,A075,Leche entera fresca,"3054, 3055, 3060, 3062, 3063, 3067, 3070, 3073, 3074, 3078, 3079"
011412,A080,Leche no pasteurizada (leche bronca),3057
011420,NA,Leche baja en grasa,"3006, 3007, 3012, 3013, 3014, 3015, 3016, 3017,
3018, 3019, 3034, 3035, 3036, 3037, 3038, 3039, 3040, 3041, 3042,
3043, 3044"
011432,A078,Leche en polvo,"3061, 3064, 3065, 3072"
011433,A089,Crema,"8072, 8073, 8074, 8075, 8076, 8077, 8078, 8079, 8083, 8084, 8085, 8088, 8089, 8112"
011441,NA,Leche de soya,"3004, 3123"
011442,A081,Otras leches,"3058, 3059, 3071, 3075"
011451,A085,Queso fresco,"2112, 2114, 2115, 2116, 2118, 2179, 2190, 2251,
2279, 2285, 2293, 2308, 2316"
011452,A082,Queso amarillo,"2216, 2270, 2271, 2282, 2312, 2321, 2323, 2346"
011454,A087,Queso Oaxaca o asadero,"2274, 2311"
011455,A083,Queso añejo y Cotija,"2208, 2272, 2273, 2288"
011456,A088,Otros quesos,"2181, 2186, 2187, 2188, 2189, 2275, 2276, 2277, 2278, 2280, 2281, 2283, 2284, 2286, 2287, 2289, 2290, 2291, 2292, 2294, 2295, 2296, 2297, 2298, 2299, 2300, 2301, 2302, 2303, 2304, 2305, 2306, 2307, 2309, 2310, 2313, 2314, 2315, 2317, 2318, 2319, 2320, 2322"
011460,A091,Yogurt y bebidas fermentadas a base de leche,"3047, 3048, 3049, 3050, 3080, 3081, 3082, 3083, 3084, 3085, 3086, 3087, 3088, 3089, 3090, 3091, 3092, 3093, 3102, 3103, 3104, 3105, 3106, 3107, 3144, 3145, 3146, 3147, 3148, 3149, 3150, 3151, 3152, 3153, 3154, 3155, 3156, 3157, 3158, 3159"
011471,NA,Bebidas a base de leche," 3120, 3122, 3123, 3125, 3126, 3131, 3132, 3133, 3134, 3135, 3136, 3137, 3138, 3139, 3140, 3141, 3142, 3143"
011472,A206,Cajeta,NA
011473,A092,Otros productos de leche,"3001, 3002, 3003, 3005, 3033, 3051, 3052, 3053, 3094, 3095, 3096, 3097, 3098, 3099, 3100, 3127, 3128, 3129, 3130"
011481,A093,Huevo de gallina,"2156, 2157, 2158, 2159, 2160, 2161, 2162, 2163, 2164, 2165, 2166, 2129, 2130, 2230, 2231, 2232, 2347, 2348, 2349"
011482,A094,Otros huevos,"2227, 2228, 2229, 2064"
011490,NA,Otros productos lácteos,"8082, 8079"
011511,A096,Aceite de oliva,"8017, 8018, 8019"
011512,A095,Otros aceites vegetales comestibles,"8001, 8002, 8004, 8005, 8006, 8007, 8009, 8010, 8012, 8013, 8014, 8016, 8020, 8022, 8023"
011520,A090,Mantequilla,"8102, 8103, 8104, 8106"
011530,A097,Margarina,"8107, 8109, 8110"
011591,A098,Manteca de puerco,8100
011592,A048,Chicharrón,"2150, 2151, 2152"
011593,NA,Otras grasas animales comestibles,"8015, 8095, 8096, 8099, 8124, 8125, 8126, 8127, 8128"
011611,A108,Aguacate,"8054, 8055, 8056, 8057, 8058, 8059"
011612,A152,Guayaba,"4063, 4064"
011613,A157,Mango,"4075, 4076, 4078, 4079, 4080"
011614,A161,Papaya,"4123, 4124"
011615,A163,Piña,"4159, 4160"
011616,A167,Otros plátanos: Chiapas,"4162, 4164, 4168, 4169"
011617,NA,Otras frutas tropicales,"4005, 4025, 4026, 4037, 4051, 4062, 4065, 4069, 4072, 4184, 4190, 4201, 4202, 4203, 4204, 4214, 4215, 4216, 4217, 4218, 4219, 8061, 8062, 8063, 8064, 8065, 8066, 8067, 8069"
011621,A154,Limón,4071
011622,A160,Naranja,"4109, 4110, 4111, 4112, 4113, 4114"
011623,A156,Toronja,"4197, 4198"
011624,A155,Otros cítricos frescos,"4052, 4053, 4073, 4074, 4195"
011631,A149,Chabacano y melocotón,"4022, 4043, 4172"
011632,A149,Durazno,4038
011633,A158,Manzana y perón,"4082, 4083, 4084, 4085, 4089, 4090, 4091, 4092, 4093, 4094, 4095, 4153, 4154"
011634,A162,Pera,"4139, 4140, 4141, 4142, 4143, 4144, 4147, 4148, 4149, 4150, 4151, 4152"
011635,NA,Otras frutas de hueso o pepita,"4018, 4028, 4029, 4106, 4192, 4193, 4194, 4196"
011641,A148,Fresas,"4045, 4046"
011642,NA,Otras bayas,"4006, 4044, 4107, 4220"
011651,A159,Melón,"4099, 4100, 4101, 4102, 4103, 4104, 4105"
011652,A168,Sandía,"4188, 4189"
011653,A169,Uva,"4205, 4206, 4207, 4208, 4209, 4210, 4211"
011654,A170,Otras frutas frescas,"4013, 4049, 4056, 4057, 4068, 4096, 4097, 4098, 4116, 4155, 4156, 4170, 4171, 4213"
011660,NA,Fruta congelada,"4009, 4010, 4019, 4039, 4047, 4048, 4221"
011670,NA,Frutos secos o deshidratados,"4030, 4037, 4066, 4086, 4119, 4120, 4121, 4122, 4136, 4137, 4138,
4145, 4163"
011680,NA,Nueces y otros frutos secos,"8132, 8133, 8134, 8136, 8137, 8138, 8139, 8140, 8141, 8142, 8143, 8144, 8145, 8147, 8148, 8149, 8150, 8151, 8153, 8154, 8155, 8173, 8182, 8183, 8185, 8186, 8187, 8188, 8189, 8190, 8191, 8192, 8193, 8194, 8196, 8197, 8209, 8210, 8211, 8212, 8213, 8214, 8216, 8217, 8218, 8229, 8230, 8232, 8233"
011691,A171,Frutas en conserva,"4002, 4003, 4004, 4011, 4020, 4021, 4031, 4032, 4033, 4040, 4041, 4042, 4059, 4077, 4087, 4088, 4146, 4157, 4158, 4185, 4187, 4199, 4200, 4212, 4222"
011692,A172,Frutas secas,"4007, 8146, 8152, 8156, 8157"
011711,A120,Col,"6047, 6048, 6049, 6050"
011712,A125,Lechuga,"6057, 6106"
011713,A107,Otras hortalizas de hoja o tallo: acelgas,"6001, 6002, 6003, 6006, 6008, 6011, 6028, 6032, 6056, 6058, 6059, 6060, 6061, 6067, 6068, 6069, 6082, 6083, 6084, 6085, 6086, 6087, 6088, 6092, 6107, 6109, 6118, 6123, 6133, 6135, 6143, 6144, 6148"
011721,A111,Calabaza,"6014, 6015, 6016, 6034, 6070, 6071"
011722,A113,Chayote,"6026, 6027"
011723,A115,Chile jalapeño,"6039, 6042"
011724,A116,Chile poblano,6043
011725,A117,Chile serrano,NA
011726,A118,Otros chiles frescos o refrigerados,"6033, 6035, 6037, 6038, 6041"
011727,A124,Jitomate (tomate rojo),"6096, 6097, 6098, 6100, 6101"
011728,A127,Pepino,"6120, 6122"
011729,A129,Tomate verde,"6102, 6141, 6142"
01172A,NA,Otras hortalizas frutales,"6007, 6121, 6124, 6125, 6126, 6127, 6128"
011731,A114,Chícharo,"6029, 6030, 6031"
011732,A121,Ejote,6064
011733,NA,Otras legumbres verdes,"5004, 6081, 6094, 6138"
011741,NA,Aceitunas,"8024, 8025, 8026, 8027, 8028"
011742,A109,Ajo,NA
011743,A112,Cebolla,"6017, 6018, 6019, 6020, 6021, 6063"
011744,A203,Champiñones,"6022, 6023, 6024, 6025, 6046, 6089, 6090, 6091, 6111, 6112, 6139, 6140, 6147"
011745,A122,Elote,"6065, 6080, 6093, 6094"
011746,A126,Nopal,"6114, 6115, 6116"
011747,A103,Rábano,6134
011748,A130,Zanahoria,"6149, 6150, 6151"
011749,NA,Otras hortalizas de raíz,"6004, 6005, 6055, 6113, 6129, 6130, 6131, 6137"
011751,A102,Papa,"1263, 1264, 1265, 1266, 1267, 1268, 1269, 1270, 1271, 1272"
011752,A101,Betabel,"6009, 6010"
011753,NA,Jícama,6095
011754,A165,Plátano macho y de Castilla,"4166, 4167"
011755,A104,Otros tubérculos,"1211, 1223, 1294, 1321, 1322"
011761,A137,Frijol en grano,"5009, 5011, 5012"
011762,A140,Lentejas,"5031, 5032"
011763,A138,Garbanzo,"5016, 5017"
011764,A141,Otras leguminosas y legumbres secas,"5001, 5002, 5005, 5006, 5019, 5020, 5029, 5030, 5015"
011770,NA,Hortalizas,"5034, 6099"
011781,A136,Verduras congeladas,"6110, 6145"
011782,A136,Legumbres congeladas,"5007, 5008"
011791,A105,Harina para puré de papa,"1155, 1183, 1273, 1292"
011792,NA,Harina de otras hortalizas,"5021, 5022, 5023, 5024, 5025, 5026, 5027"
011793,A134,Chiles secos o en polvo,"6036, 6040, 6044"
011794,A133,Chiles enlatados,6033
011795,NA,Papas congeladas,1426
011796,A106,Papas fritas en bolsa o a granel,"1427, 1428, 1429, 1430, 1431, 1432, 1433"
011797,A142,Frijol procesado,"5010, 5013, 5014"
011798,A135,Otras verduras enlatadas o envasadas,"6021, 6098, 6103, 6104, 6117, 6132, 1098, 1103"
011799,NA,Otras legumbres y leguminosas secas,"5003, 5018, 5033"
01179A,NA,Otras preparaciones vegetales,"1295, 1304, 1321, 2113, 2134, 2143, 2180, 2194, 2254, 5034, 5035, 8101, 8162, 8163, 8167, 8169, 8174"
011810,A173,Azúcar,"9006, 9007, 9008, 9009, 9010, 9011"
011820,A175,Sustitutos de azúcar y otros azúcares,"9070, 9079, 9094, 9095"
011831,A174,Miel de abeja,9076
011832,A175,Otras mieles,"9077, 9078, 9079"
011833,A207,Mermeladas y jaleas,"9054, 9073, 9074, 9075"
011834,A207,Ate y dulces a base de frutas,"4178, 4179, 4181, 4182, 4183, 9003, 9004, 9005"
011841,A207,Crema de cacahuate,"8179, 8199"
011842,NA,Otras mantequillas y cremas,8198
011843,NA,Purés o pastas de frutos secos,9174
011851,A180,Chocolate en barra o tableta,"9116, 9117, 9118, 9120, 9123, 9124, 9125, 9126, 9127, 9128, 9129, 9130, 9131, 9132, 9133, 9134, 9135, 9136, 9137, 9144, 9145, 9159, 9160, 9165"
011852,A181,Cacao y chocolate en polvo para todos los usos,"8158, 8159, 8160, 9034, 9035, 9138, 9139, 9140"
011853,A182,Otros chocolates,"9038, 9055, 9082, 9083, 9093, 9121, 9122, 9142, 9143, 9146, 9161, 9171, 9172, 9173, 9175, 9176, 9177, 9178, 9179"
011861,A208,Helados,"3108, 3109, 3110, 3111, 3112, 3113, 3114, 3115, 3116, 3117, 3118,
3119, 9085, 9088, 9089, 9090, 9091"
011862,NA,Hielo,NA
011891,A209,Dulces y golosinas,"1001, 1002, 8180, 8181, 9016, 9017, 9022, 9023, 9024, 9025, 9026, 9164, 9030, 9031, 9032, 9033, 9037, 9042, 9044, 9052, 9053, 9068, 9069, 9071, 9086, 9087, 9092, 9106, 9119"
011892,NA,Gelatina preparada,"9046, 9047, 9048, 9049, 9050, 9051, 9148, 9149, 9150, 9151, 9152,
9153, 9154, 9155"
011893,NA,Otros productos de repostería,"9036, 9043, 9072, 9147, 9157"
011911,NA,Alimentos preparados para consumo inmediato,"1086, 1087, 1088, 1454, 1455, 1456, 1457, 1458, 1459, 8337, 8356, 8357, 8516, 8517, 8518, 8519, 8520, 8521, 8522, 8523, 8524, 8525, 8526, 8527, 8528, 8529, 8530, 8531, 8532, 8533, 8534, 8535, 8536, 8537, 8538, 8539, 8540, 8541, 8542, 8543, 8544, 9801, 9802, 9803, 9804, 9805, 9806, 9807, 9808, 9809, 9815, 9816, 9817, 9818, 9819, 9820, 9821, 9822, 9823, 9824, 9825, 9826, 9827, 9828, 9829, 9830, 9831, 9832, 9833, 9861, 9862, 9863, 9864, 9865, 9866, 9867, 9868, 9876, 9877, 9878, 9879, 9880, 9881, 9882, 9883, 9884, 9885, 9886, 9887, 9888, 9889, 9890, 9891, 9892, 9893, 9894, 9895, 9896, 9897, 9898, 9899, 9900, 9901, 9902, 9903, 9904, 9905, 9906, 9907, 9908, 9909, 9910, 9911, 9912, 9913, 9914, 9915, 9916, 9917, 9918, 9919, 9920, 9921, 9922, 9923, 9924, 9925, 9926, 9927"
011912,A023,Sopas instantáneas,1300
011921,A079,Fórmula de leche maternizada,3076
011922,A196,Papillas para bebé,"4125, 4126, 4127, 4128, 4129, 4130, 4131, 4132, 4133, 4134, 4135, 6119"
011923,A195,Cereales para bebé,"1274, 1275, 1276, 1277"
011924,A197,Jugos de frutas y verduras de cualquier combinación para bebé,NA
011925,NA,Otros alimentos para bebé,NA
011931,NA,Salsa o puré de tomate y cátsup,"6132, 9102, 9103"
011932,A192,Salsa picante,6136
011933,A188,Mole en pasta o en polvo,"9166, 9167, 9168, 9169, 9170, 9180"
011934,A187,Mayonesa,"8111"
011935,A189,Mostaza,"9638, 9639, 9640"
011936,A193,Vinagre,"9702, 9703, 9704, 9705, 9706, 9707, 9708, 9709, 9710, 9711"
011937,A191,Sal,"9679, 9680, 9681, 9682"
011938,A194,Otros aderezos y salsas,"8029, 8030, 8031, 8032, 8033, 8034, 8035, 8036, 8037, 8038, 8040, 8042, 8043, 8044, 8045, 8046, 8047, 8048, 8049, 8050, 8051, 8052, 8053, 8080, 8081, 8091, 8092, 8093, 8094, 8119, 8120, 8121, 8123, 8129, 8131, 8220, 8221, 8222, 8223, 8224, 8225, 8226, 8227, 9001, 9109, 9182, 9183, 9501, 9684, 9685, 9687"
011942,A119,Cilantro,6045
011943,A128,Perejil y hierbabuena,"6123, 9608"
011944,A123,Epazote,NA
011945,A185,Otras hierbas culinarias (hierbas de olor),"9505, 9506, 9537, 9538, 9539, 9540, 9596, 9597, 9600, 9601, 9602, 9609, 9610, 9611, 9614, 9621, 9622, 9623, 9631, 9632, 9633, 9634, 9635, 9636, 9645, 9646, 9647, 9676, 9677, 9678, 9688, 9699"
011946,A144,Semillas comestibles,"8132, 8133, 8161, 8231"
011991,NA,Levaduras y preparaciones para postres,"9043, 9148, 9149, 9150, 9151, 9624, 9625, 9626, 9627"
011992,A205,Gelatina en polvo,"9048, 9049, 9050"
011993,A186,Concentrados para caldo,"9528, 9529, 9530, 9531, 9532, 9533, 9534, 9535, 9536, 9574, 9575, 9576, 9577, 9578, 9579, 9580, 9581, 9582, 9583, 9584, 9585, 9586, 9587, 9588, 9590"
011994,NA,Complementos nutricionales: proteína en polvo y suplementos energéticos,"9013, 9015"
011995,NA,Otros productos alimenticios,"9589, 9603, 9700, 9701"
011996,A211,Otros productos relacionados con la preparación de alimentos,"1092, 9501, 9504, 9508, 9509, 9512, 9541, 9542, 9543, 9544, 9545, 9546, 9547, 9548, 9549, 9550, 9557, 9558, 9559, 9560, 9561, 9562, 9570, 9571, 9572, 9591, 9592, 9599, 9612, 9613, 9616, 9617, 9618, 9619, 9641, 9642, 9648, 9652, 9653, 9654, 9655, 9656, 9657, 9658, 9659, 9660, 9661, 9662, 9663, 9664, 9665, 9666, 9667, 9668, 9669, 9670, 9671, 9672"
012100,A218,Jugos de frutas o verduras envasados,"4067, 6103, 6104, 6105, 9058, 9059, 9060, 9061, 9062, 9063, 9083"
012201,A177,Café soluble,"9019, 9020, 9516, 9517, 9518, 9519, 9520, 9521, 9522, 9523, 9524"
012202,A176,Café en grano o molido,"9515, 9525"
012203,NA,Preparaciones de bebidas a base de café,"9513, 9514, 9526, 9527, 9593, 9928, 9929, 9930, 9931, 9932, 9933, 9934, 9935, 9936, 9938, 9939, 9940, 9941, 9942, 9943, 9944, 9945"
012301,NA,Bolsas de té,"9107, 9875, 9947, 9948"
012302,NA,Flor y hojas para infusiones,"9604, 9615, 9631, 9632"
012400,NA,Bebidas a base de cacao y chocolate,"9937, 9941"
012501,NA,Agua natural embotellada,9502
012502,NA,Agua mineral sin sabor,9503
012601,A220,Refrescos sabor cola,9100
012602,NA,Refrescos de otros sabores,"9099, 9101, 9002"
012603,NA,Refrescos de dieta (light),"9563, 9564, 9565, 9566, 9594, 9595, 9644, 9649, 9650, 9674, 9695, 9696, 9697, 9698"
012604,NA,Jugos con gas,NA
012901,A217,Aguas frescas naturales de frutas o verduras,"8301, 8302, 8303, 8304, 8305, 8306, 8307, 8308, 8309, 8310, 8311"
012902,NA,Agua natural embotellada con sabor,9056
012903,NA,Bebidas hidratantes e isotónicas,"9013, 9014, 9045"
012904,NA,Bebidas energéticas,"9018, 9080, 9081, 9098"
012905,A219,Concentrados y polvos para preparar bebidas,"9056"
012907,NA,Otras bebidas no alcohólicas,"8312, 8313, 8314, 8315, 8316, 8317, 8318, 8319, 9057, 9096, 9104, 9946"
013000,NA,Servicios de molienda,NA
021101,A223,Coñac y brandy,"7003, 7007"
021102,A230,Ron: añejo,7023
021103,A233,Tequila,7025
021104,A236,Whisky,7036
021105,NA,Otras bebidas destiladas,7009
021211,A234,Vino de uva,"7027, 7028, 7029, 7031, 7033, 7034"
021212,A238,Champagne,"7006, 7032"
021213,NA,Aperitivos y bebidas a base de vino,"7020, 7026"
021220,A232,Sidra,"7024, 7030"
021301,A224,Cerveza,7004
021302,NA,Cerveza artesanal,7004
021303,NA,Cerveza light y sin alcohol,7005
021901,NA,Cervezas de sabor y cervezas preparadas,NA
021902,A237,Bebidas preparadas con alcohol,"8320, 8321, 8322, 8323, 8325, 8326, 8327, 8328, 8329, 8330, 8331"
181111,A212,"Alimentos y/o bebidas en paquete, despensa de alimentos que otorgan otros hogares",NA
181112,NA,Despensa de alimentos que otorgan organizaciones privadas o de gobierno,NA
181113,A018,"Trigo en grano, otros productos de trigo (excepto cereal)","1316, 1317, 1318, 1319, 1320"
181114,A026,Arrachera,"2005, 2006"
181115,A027,Milanesa de res,2073
181116,A028,Chamorro de res,NA
181117,A031,Cocido de res,NA
181118,A035,Pulpa de res en trozo,2269
181119,A036,Carne de otras partes de la res,"2176, 2209, 2222"
181120,A044,Codillo de puerco,NA
181121,A043,Espaldilla de puerco,2223
181122,A042,Molida de puerco,"2019, 2024, 2074"
181123,A064,Chivo y cabrito,NA
181124,A057,"Pierna, muslo o pechuga de pollo con hueso","2170, 2171, 2177, 2178"
181125,A058,"Pierna, muslo o pechuga de pollo sin hueso","2079, 2097, 2106, 2107"
181126,A062,"Chorizo de pollo, jam�n de pollo, pavo y otras aves; nuggets de pollo y otras aves, salchicha, mortadela, tocino de pollo, pavo y otras aves","2038, 2066, 2067, 2093, 2192, 2193, 2194, 2252, 2334, 8163, 8166"
181127,NA,Filete de pescado,"2044, 2088, 2100, 2138"
181128,A071,"Anguilas, angulas, hueva de pescado, mantarraya, pejelagarto","2062, 2147, 2148, 2149"
181129,A076,Leche condensada,"9064"
181130,A077,Leche evaporada,"3056, 3066, 3068"
181131,A086,Queso Manchego,"2301, 2302, 2303"
181132,A084,Queso Chihuahua,"2284, 2285, 2286"
181133,A099,Manteca vegetal,8101
181134,A166,Pl�tano verde y Tabasco,NA
181135,A153,Lima,4070
181136,A147,"Anona, chirimoya, guan�bana","4005, 4026, 4062"
181137,A150,Chicozapote y mamey,"4025, 4072"
181138,A151,Ciruela y jobo,"4028, 4029"
181139,A164,Pitahaya y tuna,"4161, 4201, 4202, 4203, 4204"
181140,A145,Semillas envasadas,"8209, 8210, 8211, 8212, 8213, 8214, 8229, 8230, 8232, 8233"
181141,A110,Br�coli,"6012, 6013"
181142,A132,"Germinados de ma�z, de soya, de trigo, de alfalfa","5007, 5008, 5009, 6077, 6078, 6079, 6108"
181143,A190,Pimienta,"9653, 9654, 9655, 9656, 9657, 9658, 9659, 9660, 9661, 9662, 9663,
9664, 9665, 9666, 9667"
181144,A183,Canela,"9537, 9538, 9539, 9540, 9670"
181145,A184,Clavo,"9557, 9558, 9559, 9560, 9561"
181146,A225,An�s (licor),7002
181147,A227,Licor o cremas de frutas,"7008, 7010, 7011, 7012, 7013, 7014, 7015, 7016, 7017, 7018, 7019"
181148,A228,"Aguamiel, pulque, tlachique, tepache, tuba y bebidas fermentadas de ma�z",7021
181149,A231,Rompope,"7022"
181150,A235,Vodka,7035
181151,A226,Jerez,NA
181152,A213,Alimento para animales para uso del hogar,NA
181153,NA,Filete de res,NA
181154,A229,"Aguardiente, alcohol de ca�a, charanda, mezcal, sotol",7001
181155,NA,Cacao y chocolate l�quido para todos los usos,"9055, 9142"
181156,A020,Otros productos de arroz,"1146, 1147, 1171, 1274, 1275"
181157,A069,Salm�n y bacalao procesado,"2123, 2124, 2125, 2136, 2195"
181158,A033,Hamburguesas de res para asar,NA
181159,A100,"Aceite de bacalao, de tibur�n, de tortuga, enjundia",8015
181160,NA,"Aceite de coco, soya","8011, 8021"
181161,A139,Haba amarilla o verde en grano,"5019, 5020, 6081, 6094"
181162,A216,Agua mineral con sabor,NA
181163,NA,Camote,"1052, 1053, 1054, 1055, 1056, 1057, 1058, 1059, 1291"
181164,NA,"Papas en conserva, encurtidas o en escabeche","1273, 1292"
181165,A131,"Otras verduras, p�palo, flor de calabaza, chaya","6070, 6071, 6118"
181166,A143,Otras leguminosas procesadas,"5028, 5033, 5035, 8174"
181167,A146,Semillas procesadas,"8146, 8147, 8148, 8151, 8152, 8154, 8155, 8156, 8157, 8176, 8177,
8178, 9116, 9119, 9174"
181168,NA,Otras especias,"9504, 9508, 9509, 9512, 9541, 9542, 9570, 9571, 9572, 9591, 9592, 9599, 9603, 9612, 9616, 9617, 9618, 9619, 9641, 9642, 9648, 9652, 9668, 9700, 9701"
181169,A210,Molienda de nixtamal,NA
181170,NA,Juegos de frutas o verduras naturales,"8312, 8313, 8314, 8315, 8316, 8317, 8318, 8319"
181171,NA,Harina para waffles o hot cakes,"1166, 1196"
111121,A201,Barbacoa o birria,"2009, 2010"
111122,A199,Carnitas,"2018, 2109, 2243, 2244"
111123,NA,Hamburguesas y hot dogs,"8535, 8539, 9801, 9802, 9803, 9805, 9815, 9816, 9817, 9818, 9819, 9820, 9821, 9822, 9823, 9861, 9862, 9863, 9864, 9865, 9866, 9867"
111124,A202,Otros alimentos cocinados,"8338, 8339, 8340, 8341, 8342, 8343, 8344, 8345, 8346, 8347, 8348, 8349, 8350, 8351, 8352, 8353, 8354, 8355, 8356, 8357, 8358, 8359, 8360, 8361, 8362, 8363, 8364, 8365, 8366, 8367, 8368, 8369, 8370, 8371, 8372, 8373, 8374, 8375, 8376, 8377, 8378, 8379, 8380, 8381, 8382, 8383, 8384, 8385, 8386, 8387, 8388, 8389, 8390, 8391, 8392, 8393, 8394, 8395, 8396, 8397, 8398, 8399, 8400, 8401, 8402, 8403, 8404, 8405, 8406, 8407, 8408, 8409, 8410, 8411, 8412, 8428, 8429, 8430, 8432, 8433, 8434, 8435, 8436, 8437, 8438, 8439, 8440, 8441, 8442, 8443, 8444, 8445, 8446, 8447, 8448, 8449, 8450, 8451, 8452, 8453, 8454, 8455, 8456, 8457, 8458, 8459, 8460, 8461, 8462, 8463, 8464, 8465, 8466, 8467, 8468, 8469, 8470, 8471, 8472, 8473, 8474, 8475, 8476, 8477, 8478, 8479, 8480, 8481, 8482, 8483, 8484, 8485, 8486, 8487, 8488, 8489, 8490, 8491, 8492, 8493, 8494, 8495, 8496, 8497, 8498, 8499, 8500, 8501, 8502, 8503, 8504, 8505, 8506, 8507, 8508, 8509, 8510, 8511, 8512, 8513, 8514, 8515, 8516, 8517, 8518, 8519, 8520, 8521, 8522, 8523, 8524, 8525, 8526, 8527, 8528, 8529, 8530, 8531, 8532, 8533, 8534, 8536, 8537, 8538, 8540, 8541, 8542, 8543, 8545, 8546, 8547, 8548, 8549, 8550, 8551, 8552, 8553, 8554, 8555, 8556, 8557, 8558, 8559, 8560, 8561, 8562, 8563, 8564, 8565, 8566, 8567, 8568, 8569, 8570, 8571, 8572, 8573, 8574, 8575, 8576, 8577, 8578, 8579, 8580, 8581, 8582, 8583, 8584, 8585, 8586, 8587, 8588, 8589, 8590, 8591, 8592"
111125,A198,Pizzas preparadas,"8544, 9876, 9877, 9878, 9879, 9880, 9881, 9882, 9883, 9884, 9885, 9886, 9887, 9888, 9889, 9890, 9891, 9892"
111126,A200,Pollos rostizados,2268
NA,NA,NA,NA
NA,NA,NA,NA
NA,NA,NA,NA
NA,NA,NA,NA
NA,NA,NA,NA
NA,NA,NA,NA
NA,NA,NA,NA
NA,NA,NA,NA
NA,NA,NA,NA
NA,NA,NA,NA
NA,NA,NA,NA
NA,NA,NA,NA
NA,NA,NA,NA
NA,NA,NA,NA
NA,NA,NA,NA
NA,NA,NA,NA
NA,NA,NA,NA
NA,NA,NA,NA
NA,NA,NA,NA
NA,NA,NA,NA
NA,NA,NA,NA
NA,NA,NA,NA
NA,NA,NA,NA
NA,NA,NA,NA
NA,NA,NA,NA
NA,NA,NA,NA
NA,NA,NA,NA
NA,NA,NA,NA
NA,NA,NA,NA
NA,NA,NA,NA
NA,NA,NA,NA
NA,NA,NA,NA
NA,NA,NA,NA
NA,NA,NA,NA
NA,NA,NA,NA
NA,NA,NA,NA
NA,NA,NA,NA
NA,NA,NA,NA
NA,NA,NA,NA
NA,NA,NA,NA
NA,NA,NA,NA
NA,NA,NA,NA
NA,NA,NA,NA
NA,NA,NA,NA
NA,NA,NA,NA
NA,NA,NA,NA
NA,NA,NA,NA
NA,NA,NA,NA
NA,NA,NA,NA
NA,NA,NA,NA
NA,NA,NA,NA
NA,NA,NA,NA
NA,NA,NA,NA
NA,NA,NA,NA
NA,NA,NA,NA
NA,NA,NA,NA
NA,NA,NA,NA
NA,NA,NA,NA
NA,NA,NA,NA
NA,NA,NA,NA
NA,NA,NA,NA
NA,NA,NA,NA
NA,NA,NA,NA
NA,NA,NA,NA
NA,NA,NA,NA
NA,NA,NA,NA
NA,NA,NA,NA
NA,NA,NA,NA
NA,NA,NA,NA
NA,NA,NA,NA
NA,NA,NA,NA
NA,NA,NA,NA
NA,NA,NA,NA
NA,NA,NA,NA
NA,NA,NA,NA
NA,NA,NA,NA
NA,NA,NA,NA
NA,NA,NA,NA
NA,NA,NA,NA
NA,NA,NA,NA
NA,NA,NA,NA
NA,NA,NA,NA
NA,NA,NA,NA
NA,NA,NA,NA
NA,NA,NA,NA
NA,NA,NA,NA
NA,NA,NA,NA
NA,NA,NA,NA
NA,NA,NA,NA
NA,NA,NA,NA
NA,NA,NA,NA
NA,NA,NA,NA
NA,NA,NA,NA
NA,NA,NA,NA
NA,NA,NA,NA
NA,NA,NA,NA
NA,NA,NA,NA
NA,NA,NA,NA
NA,NA,NA,NA
NA,NA,NA,NA
NA,NA,NA,NA
NA,NA,NA,NA
NA,NA,NA,NA
NA,NA,NA,NA
NA,NA,NA,NA
NA,NA,NA,NA
NA,NA,NA,NA
NA,NA,NA,NA
NA,NA,NA,NA
NA,NA,NA,NA
NA,NA,NA,NA
NA,NA,NA,NA
NA,NA,NA,NA
NA,NA,NA,NA
NA,NA,NA,NA
NA,NA,NA,NA
NA,NA,NA,NA
NA,NA,NA,NA
NA,NA,NA,NA
NA,NA,NA,NA
NA,NA,NA,NA
NA,NA,NA,NA
NA,NA,NA,NA
NA,NA,NA,NA
NA,NA,NA,NA
NA,NA,NA,NA
NA,NA,NA,NA
NA,NA,NA,NA
NA,NA,NA,NA
NA,NA,NA,NA
NA,NA,NA,NA
NA,NA,NA,NA
NA,NA,NA,NA
NA,NA,NA,NA
NA,NA,NA,NA
NA,NA,NA,NA
NA,NA,NA,NA
NA,NA,NA,NA
NA,NA,NA,NA
NA,NA,NA,NA
NA,NA,NA,NA
NA,NA,NA,NA
NA,NA,NA,NA
NA,NA,NA,NA
NA,NA,NA,NA
NA,NA,NA,NA
NA,NA,NA,NA
NA,NA,NA,NA
NA,NA,NA,NA
NA,NA,NA,NA
NA,NA,NA,NA
NA,NA,NA,NA
NA,NA,NA,NA
NA,NA,NA,NA
NA,NA,NA,NA
NA,NA,NA,NA
NA,NA,NA,NA
NA,NA,NA,NA
NA,NA,NA,NA
NA,NA,NA,NA
NA,NA,NA,NA
NA,NA,NA,NA
NA,NA,NA,NA
NA,NA,NA,NA
NA,NA,NA,NA
NA,NA,NA,NA
NA,NA,NA,NA
NA,NA,NA,NA
NA,NA,NA,NA
NA,NA,NA,NA
NA,NA,NA,NA
NA,NA,NA,NA
NA,NA,NA,NA
NA,NA,NA,NA
NA,NA,NA,NA
NA,NA,NA,NA
NA,NA,NA,NA
NA,NA,NA,NA
NA,NA,NA,NA
NA,NA,NA,NA
NA,NA,NA,NA
NA,NA,NA,NA
NA,NA,NA,NA
NA,NA,NA,NA
NA,NA,NA,NA
NA,NA,NA,NA
NA,NA,NA,NA
NA,NA,NA,NA
NA,NA,NA,NA
NA,NA,NA,NA
NA,NA,NA,NA
NA,NA,NA,NA
NA,NA,NA,NA
NA,NA,NA,NA
NA,NA,NA,NA
NA,NA,NA,NA
NA,NA,NA,NA
NA,NA,NA,NA
NA,NA,NA,NA
NA,NA,NA,NA
NA,NA,NA,NA
NA,NA,NA,NA
NA,NA,NA,NA
NA,NA,NA,NA
NA,NA,NA,NA
NA,NA,NA,NA
NA,NA,NA,NA
NA,NA,NA,NA
NA,NA,NA,NA
NA,NA,NA,NA
NA,NA,NA,NA
NA,NA,NA,NA
NA,NA,NA,NA
NA,NA,NA,NA
NA,NA,NA,NA
NA,NA,NA,NA
NA,NA,NA,NA
NA,NA,NA,NA
NA,NA,NA,NA
NA,NA,NA,NA
NA,NA,NA,NA
NA,NA,NA,NA
NA,NA,NA,NA
NA,NA,NA,NA
NA,NA,NA,NA
NA,NA,NA,NA
NA,NA,NA,NA
NA,NA,NA,NA
NA,NA,NA,NA
NA,NA,NA,NA
NA,NA,NA,NA
NA,NA,NA,NA
NA,NA,NA,NA
NA,NA,NA,NA
NA,NA,NA,NA
NA,NA,NA,NA
NA,NA,NA,NA
NA,NA,NA,NA
NA,NA,NA,NA
NA,NA,NA,NA
NA,NA,NA,NA
NA,NA,NA,NA
NA,NA,NA,NA
NA,NA,NA,NA
NA,NA,NA,NA
NA,NA,NA,NA
NA,NA,NA,NA
NA,NA,NA,NA
NA,NA,NA,NA
NA,NA,NA,NA
NA,NA,NA,NA
NA,NA,NA,NA
NA,NA,NA,NA
NA,NA,NA,NA
NA,NA,NA,NA
NA,NA,NA,NA
NA,NA,NA,NA
NA,NA,NA,NA
NA,NA,NA,NA
NA,NA,NA,NA
NA,NA,NA,NA
NA,NA,NA,NA
NA,NA,NA,NA
NA,NA,NA,NA
NA,NA,NA,NA
NA,NA,NA,NA
NA,NA,NA,NA
NA,NA,NA,NA
NA,NA,NA,NA
NA,NA,NA,NA
NA,NA,NA,NA
NA,NA,NA,NA
NA,NA,NA,NA
NA,NA,NA,NA
NA,NA,NA,NA
NA,NA,NA,NA
NA,NA,NA,NA
NA,NA,NA,NA
NA,NA,NA,NA
NA,NA,NA,NA
NA,NA,NA,NA
NA,NA,NA,NA
NA,NA,NA,NA
NA,NA,NA,NA
NA,NA,NA,NA
NA,NA,NA,NA
NA,NA,NA,NA
NA,NA,NA,NA
NA,NA,NA,NA
NA,NA,NA,NA
NA,NA,NA,NA
NA,NA,NA,NA
NA,NA,NA,NA
NA,NA,NA,NA
NA,NA,NA,NA
NA,NA,NA,NA
NA,NA,NA,NA
NA,NA,NA,NA
NA,NA,NA,NA
NA,NA,NA,NA
NA,NA,NA,NA
NA,NA,NA,NA
NA,NA,NA,NA
NA,NA,NA,NA
NA,NA,NA,NA
NA,NA,NA,NA
NA,NA,NA,NA
NA,NA,NA,NA
NA,NA,NA,NA
NA,NA,NA,NA
NA,NA,NA,NA
NA,NA,NA,NA
NA,NA,NA,NA
NA,NA,NA,NA
NA,NA,NA,NA
NA,NA,NA,NA
NA,NA,NA,NA
NA,NA,NA,NA
NA,NA,NA,NA
NA,NA,NA,NA
NA,NA,NA,NA
NA,NA,NA,NA
NA,NA,NA,NA
NA,NA,NA,NA
NA,NA,NA,NA
NA,NA,NA,NA
NA,NA,NA,NA
NA,NA,NA,NA
NA,NA,NA,NA
NA,NA,NA,NA
NA,NA,NA,NA
NA,NA,NA,NA
NA,NA,NA,NA
NA,NA,NA,NA
NA,NA,NA,NA
NA,NA,NA,NA
NA,NA,NA,NA
NA,NA,NA,NA
NA,NA,NA,NA
NA,NA,NA,NA
NA,NA,NA,NA
NA,NA,NA,NA
NA,NA,NA,NA
NA,NA,NA,NA
NA,NA,NA,NA
NA,NA,NA,NA
NA,NA,NA,NA
NA,NA,NA,NA
NA,NA,NA,NA
NA,NA,NA,NA
NA,NA,NA,NA
NA,NA,NA,NA
NA,NA,NA,NA
NA,NA,NA,NA
NA,NA,NA,NA
NA,NA,NA,NA
NA,NA,NA,NA
NA,NA,NA,NA
NA,NA,NA,NA
NA,NA,NA,NA
NA,NA,NA,NA
NA,NA,NA,NA
NA,NA,NA,NA
NA,NA,NA,NA
NA,NA,NA,NA
NA,NA,NA,NA
NA,NA,NA,NA
NA,NA,NA,NA
NA,NA,NA,NA
NA,NA,NA,NA
NA,NA,NA,NA
NA,NA,NA,NA
NA,NA,NA,NA
NA,NA,NA,NA
NA,NA,NA,NA
NA,NA,NA,NA
NA,NA,NA,NA
NA,NA,NA,NA
NA,NA,NA,NA
NA,NA,NA,NA
NA,NA,NA,NA
NA,NA,NA,NA
NA,NA,NA,NA
NA,NA,NA,NA
NA,NA,NA,NA
NA,NA,NA,NA
NA,NA,NA,NA
NA,NA,NA,NA
NA,NA,NA,NA
NA,NA,NA,NA
NA,NA,NA,NA
NA,NA,NA,NA
NA,NA,NA,NA
NA,NA,NA,NA
NA,NA,NA,NA
NA,NA,NA,NA
NA,NA,NA,NA
NA,NA,NA,NA
NA,NA,NA,NA
NA,NA,NA,NA
NA,NA,NA,NA
NA,NA,NA,NA
NA,NA,NA,NA
NA,NA,NA,NA
NA,NA,NA,NA
NA,NA,NA,NA
NA,NA,NA,NA
NA,NA,NA,NA
NA,NA,NA,NA
NA,NA,NA,NA
NA,NA,NA,NA
NA,NA,NA,NA
NA,NA,NA,NA
NA,NA,NA,NA
NA,NA,NA,NA
NA,NA,NA,NA
NA,NA,NA,NA
NA,NA,NA,NA
NA,NA,NA,NA
NA,NA,NA,NA
NA,NA,NA,NA
NA,NA,NA,NA
NA,NA,NA,NA
NA,NA,NA,NA
NA,NA,NA,NA
NA,NA,NA,NA
NA,NA,NA,NA
NA,NA,NA,NA
NA,NA,NA,NA
NA,NA,NA,NA
NA,NA,NA,NA
NA,NA,NA,NA
NA,NA,NA,NA
NA,NA,NA,NA
NA,NA,NA,NA
NA,NA,NA,NA
NA,NA,NA,NA
NA,NA,NA,NA
NA,NA,NA,NA
NA,NA,NA,NA
NA,NA,NA,NA
NA,NA,NA,NA
NA,NA,NA,NA
NA,NA,NA,NA
NA,NA,NA,NA
NA,NA,NA,NA
NA,NA,NA,NA
NA,NA,NA,NA
NA,NA,NA,NA
NA,NA,NA,NA
NA,NA,NA,NA
NA,NA,NA,NA
NA,NA,NA,NA
NA,NA,NA,NA
NA,NA,NA,NA
NA,NA,NA,NA
NA,NA,NA,NA
NA,NA,NA,NA
NA,NA,NA,NA
NA,NA,NA,NA
NA,NA,NA,NA
NA,NA,NA,NA
NA,NA,NA,NA
NA,NA,NA,NA
NA,NA,NA,NA
NA,NA,NA,NA
NA,NA,NA,NA
NA,NA,NA,NA
NA,NA,NA,NA
NA,NA,NA,NA
NA,NA,NA,NA
NA,NA,NA,NA
NA,NA,NA,NA
NA,NA,NA,NA
NA,NA,NA,NA
NA,NA,NA,NA
NA,NA,NA,NA
NA,NA,NA,NA
NA,NA,NA,NA
NA,NA,NA,NA
NA,NA,NA,NA
NA,NA,NA,NA
NA,NA,NA,NA
NA,NA,NA,NA
NA,NA,NA,NA
NA,NA,NA,NA
NA,NA,NA,NA
NA,NA,NA,NA
NA,NA,NA,NA
NA,NA,NA,NA
NA,NA,NA,NA
NA,NA,NA,NA
NA,NA,NA,NA
NA,NA,NA,NA
NA,NA,NA,NA
NA,NA,NA,NA
NA,NA,NA,NA
NA,NA,NA,NA
NA,NA,NA,NA
NA,NA,NA,NA
NA,NA,NA,NA
NA,NA,NA,NA
NA,NA,NA,NA
NA,NA,NA,NA
NA,NA,NA,NA
NA,NA,NA,NA
NA,NA,NA,NA
NA,NA,NA,NA
NA,NA,NA,NA
NA,NA,NA,NA
NA,NA,NA,NA
NA,NA,NA,NA
NA,NA,NA,NA
NA,NA,NA,NA
NA,NA,NA,NA
NA,NA,NA,NA
NA,NA,NA,NA
NA,NA,NA,NA
NA,NA,NA,NA
NA,NA,NA,NA
NA,NA,NA,NA
NA,NA,NA,NA
NA,NA,NA,NA
NA,NA,NA,NA
NA,NA,NA,NA
NA,NA,NA,NA
NA,NA,NA,NA
NA,NA,NA,NA
NA,NA,NA,NA
NA,NA,NA,NA
NA,NA,NA,NA
NA,NA,NA,NA
NA,NA,NA,NA
NA,NA,NA,NA
NA,NA,NA,NA
NA,NA,NA,NA
NA,NA,NA,NA
NA,NA,NA,NA
NA,NA,NA,NA
NA,NA,NA,NA
NA,NA,NA,NA
NA,NA,NA,NA
NA,NA,NA,NA
NA,NA,NA,NA
NA,NA,NA,NA
NA,NA,NA,NA
NA,NA,NA,NA
NA,NA,NA,NA
NA,NA,NA,NA
NA,NA,NA,NA
NA,NA,NA,NA
NA,NA,NA,NA
NA,NA,NA,NA
NA,NA,NA,NA
NA,NA,NA,NA
NA,NA,NA,NA
NA,NA,NA,NA
NA,NA,NA,NA
NA,NA,NA,NA
NA,NA,NA,NA
NA,NA,NA,NA
NA,NA,NA,NA
NA,NA,NA,NA
NA,NA,NA,NA
NA,NA,NA,NA
NA,NA,NA,NA
NA,NA,NA,NA
NA,NA,NA,NA
NA,NA,NA,NA
NA,NA,NA,NA
NA,NA,NA,NA
NA,NA,NA,NA
NA,NA,NA,NA
NA,NA,NA,NA
NA,NA,NA,NA
NA,NA,NA,NA
NA,NA,NA,NA
NA,NA,NA,NA
NA,NA,NA,NA
NA,NA,NA,NA
NA,NA,NA,NA
NA,NA,NA,NA
NA,NA,NA,NA
NA,NA,NA,NA
NA,NA,NA,NA
NA,NA,NA,NA
NA,NA,NA,NA
NA,NA,NA,NA
NA,NA,NA,NA
NA,NA,NA,NA
NA,NA,NA,NA
NA,NA,NA,NA
NA,NA,NA,NA
NA,NA,NA,NA
NA,NA,NA,NA
NA,NA,NA,NA
NA,NA,NA,NA
NA,NA,NA,NA
NA,NA,NA,NA
NA,NA,NA,NA
NA,NA,NA,NA
NA,NA,NA,NA
NA,NA,NA,NA
NA,NA,NA,NA
NA,NA,NA,NA
NA,NA,NA,NA
NA,NA,NA,NA
NA,NA,NA,NA
NA,NA,NA,NA
NA,NA,NA,NA
NA,NA,NA,NA
NA,NA,NA,NA
NA,NA,NA,NA
NA,NA,NA,NA
NA,NA,NA,NA
NA,NA,NA,NA
NA,NA,NA,NA
NA,NA,NA,NA
NA,NA,NA,NA
NA,NA,NA,NA
NA,NA,NA,NA
NA,NA,NA,NA
NA,NA,NA,NA
NA,NA,NA,NA
NA,NA,NA,NA
NA,NA,NA,NA
NA,NA,NA,NA
NA,NA,NA,NA
NA,NA,NA,NA
NA,NA,NA,NA
NA,NA,NA,NA
NA,NA,NA,NA
NA,NA,NA,NA
NA,NA,NA,NA
NA,NA,NA,NA
NA,NA,NA,NA
NA,NA,NA,NA
NA,NA,NA,NA
NA,NA,NA,NA
NA,NA,NA,NA
NA,NA,NA,NA
NA,NA,NA,NA
NA,NA,NA,NA
NA,NA,NA,NA
NA,NA,NA,NA
NA,NA,NA,NA
NA,NA,NA,NA
NA,NA,NA,NA
NA,NA,NA,NA
NA,NA,NA,NA
NA,NA,NA,NA
NA,NA,NA,NA
NA,NA,NA,NA
NA,NA,NA,NA
NA,NA,NA,NA
NA,NA,NA,NA
NA,NA,NA,NA
NA,NA,NA,NA
NA,NA,NA,NA
NA,NA,NA,NA
NA,NA,NA,NA
NA,NA,NA,NA
NA,NA,NA,NA
NA,NA,NA,NA
NA,NA,NA,NA
NA,NA,NA,NA
NA,NA,NA,NA
NA,NA,NA,NA
NA,NA,NA,NA
NA,NA,NA,NA
NA,NA,NA,NA
NA,NA,NA,NA
NA,NA,NA,NA
NA,NA,NA,NA
NA,NA,NA,NA
NA,NA,NA,NA
NA,NA,NA,NA
NA,NA,NA,NA
NA,NA,NA,NA
NA,NA,NA,NA
