clave,alimento
1001,Alegría natural
1002,Alegría tostada
1003,Amaranto cocido
1004,Amaranto tostado
1005,Anillos de trigo azucarados de colores
1006,Arroz cocido
1007,Arroz crudo
1008,Arroz inflado con cocoa
1009,Arroz inflado natural
1010,Arroz integral cocido
1011,Arroz integral crudo
1012,Arroz precocido cocido
1013,Arroz precocido crudo
1014,Arroz pulido crudo
1015,Arroz salvaje cocido
1016,Arroz salvaje crudo
1017,Atole en polvo
1018,Atole en sobre
1019,Atole vitaminado
1020,Avena cocida
1021,Avena con canela y especias
1022,Avena con manzana y canela
1023,Avena con pasitas y especias
1024,Avena en hojuelas
1025,Avena Instantánea PLUS Varios Sabores
1026,Avena instantánea preparada
1027,Avena Instantánea Varios Sabores
1028,Avena integral
1029,Avena integral con pasitas instantánea preparada
1030,Avena Quaker Old Fashion
1031,Bagel
1032,Bagel de ajo
1033,Bagel de ajonjolí
1034,Bagel de avena
1035,Bagel de canela y pasas
1036,Bagel de cebolla
1037,Bagel integral
1038,Baguette
1039,Barquillo
1040,Barra Special K varios sabores
1041,Barra Stila Varios Sabores
1042,Barrita de avena
1043,Barrita de granola sabor manzana
1044,Birote
1045,Bolillo
1046,Bolillo integral
1047,Bolillo integral sin migajón
1048,Bolillo sin migajón
1049,Bollo de hamburguesa
1050,Bollos para hamburguesa
1051,Burbujas de maíz azucaradas
1052,Camote al horno
1053,Camote amarillo
1054,Camote cocido
1055,Camote con miel
1056,Camote con naranja
1057,Camote en dulce
1058,Camote largo
1059,Camote poblano (dulce)
1060,Canelones
1061,Cáscara de papa cruda
1062,Cebada
1063,Cebada perla cocida
1064,Centeno
1065,Cereal Avena Flakes
1066,Cereal Chewy para Niños varios sabores
1067,Cereal con almendras y pasas
1068,Cereal de arroz
1069,Cereal de arroz inflado con chocolate
1070,Cereal de avena con maple
1071,Cereal de avena integral seco
1072,Cereal de galletas de chispa de chocolate
1073,Cereal de maíz reventado con azúcar
1074,Cereal de maíz reventado sabor chocolate y crema de cacahuate
1075,Cereal de salvado de trigo
1076,Cereal de trigo con canela
1077,Cereal de trigo sabor frutas
1078,Cereal integral con pasitas
1079,Cereal Multibran Flakes
1080,Cereal Multibran Pasas
1081,Cereal multigrano
1082,Cereal sin azúcar
1083,Codito crudo
1084,Coditos con crema deshidratados
1085,Couscous
1086,Crepas
1087,Crepas para rellenar
1088,Crepas saladas
1089,Croutones
1090,Cuadritos de avena
1091,Cuadritos de avena con salvado
1092,Cúrcuma
1093,Elote amarillo cocido
1094,Elote amarillo congelado
1095,Elote amarillo crudo
1096,Elote amarillo desgranado cocido
1097,Elote amarillo desgranado crudo
1098,Elote amarillo enlatado
1099,Elote blanco cocido
1100,Elote blanco desgranado
1101,Elote crudo
1102,Elote desgranado
1103,Elote enlatado
1104,English muffin
1105,Espagueti cocido
1106,Espagueti con espinaca cocido
1107,Espagueti crudo
1108,Espagueti integral cocido
1109,Espaguetti integral crudo
1110,Fécula de maíz
1111,Fécula de maíz de sabor
1112,Fetuccini crudo
1113,Fibra uno
1114,Fideo cocido
1115,Fideo con tomate deshidratado
1116,Fideo crudo
1117,Fideo seco deshidratado
1118,Fruitcake
1119,Fusili cocido
1120,Fusili crudo
1121,Galleta barras de higo
1122,Galleta de animalitos
1123,Galleta de manzana
1124,Galleta dulce
1125,Galleta dulce sin relleno
1126,Galleta maría
1127,Galleta para sopa
1128,Galleta salada
1129,Galleta salada integral
1130,Galleta salada molida
1131,Galletas de Avena Pasas
1132,Galletas de maíz horneadas sin grasa (Salmas)
1133,Galletas Marías
1134,Galletas Marías azucaradas
1135,Gluten de trigo
1136,Granola baja en grasa
1137,Granola con fruta seca baja en grasas
1138,Habaneras BranTrigo Entero
1139,Habaneras Clásicas
1140,Habaneras integrales
1141,Harina
1142,Harina blanca
1143,Harina blanca refinada
1144,Harina de alforfón
1145,Harina de amaranto
1146,Harina de arroz
1147,Harina de arroz refinada
1148,Harina de cebada
1149,Harina de centeno
1150,Harina de centeno integral
1151,Harina de maíz
1152,Harina de maíz nixtamalizada
1153,Harina de maíz para atole
1154,Harina de maíz para tamales
1155,Harina de papa
1156,Harina de trigo
1157,Harina de trigo integral
1158,Harina de trigo para panificación
1159,Harina de trigo para pastelería
1160,Harina integral
1161,Harina integral de centeno
1162,Harina integral de trigo
1163,Harina nixtamalizada
1164,Harina para brownies
1165,Harina para brownies baja en grasas
1166,Harina para hot cakes
1167,Harina para repostería
1168,Harina para tamales
1169,Hilos de trigo entrelazados con miel maple y azúcar
1170,Hojuelas de 7 fibras
1171,Hojuelas de arroz
1172,Hojuelas de avena
1173,Hojuelas de avena con maple
1174,Hojuelas de avena endulzadas con miel y almendras
1175,Hojuelas de avena instantáneas con pasas dátiles y nueces preparado
1176,Hojuelas de avena instantáneas con pasas y especias preparado
1177,Hojuelas de avena instantáneas con miel maple y azúcar morena preparado
1178,Hojuelas de avena fruta seca y nueces
1179,Hojuelas de cereales con fruta seca
1180,Hojuelas de maíz
1181,Hojuelas de maíz azucaradas
1182,Hojuelas de maíz y trigo con fruta y nueces
1183,Hojuelas de papa para puré
1184,Hojuelas de salvado
1185,Hojuelas de salvado con pasas
1186,Hojuelas de trigo
1187,Hojuelas de trigo con miel
1188,Hojuelas de trigo integral
1189,Hojuelas de trigo integral con frutos rojos
1190,Hojuelas de trigo integral con chispas de yogur
1191,Hojuelas de trigo integral con fibra extra
1192,Hojuelas de trigo integral con frutas y yogur
1193,Hojuelas de trigo negro
1194,Hojuelas fortificadas de trigo entero almendras nueces y miel
1195,Hojuelas de avena instantáneas con manzana y canela
1196,Hot cake
1197,Lasagna cruda
1198,Macarrón cocido
1199,Macarrón crudo
1200,Macarrón integral cocido
1201,Maicena
1202,Maíz
1203,Maíz amarillo
1204,Maíz amarillo cocido
1205,Maíz azul
1206,Maíz blanco
1207,Maíz blanco cocido
1208,Maíz cacahuacintle
1209,Maíz palomero
1210,Maíz pozolero
1211,Malanga
1212,Masa de maíz
1213,Masa de maíz amarillo
1214,Masa de maíz blanco
1215,Masa para tortillas
1216,Masa Yucatán
1217,Media noche
1218,Media noche con ajonjolí
1219,Mijo cocido
1220,Mijo crudo
1221,Mueslix con manzana y almendra
1222,Nixtamal
1223,Ñame
1224,Palanqueta de amaranto
1225,Palitos de pan
1226,Palomitas
1227,Palomitas acarameladas
1228,Palomitas acarameladas sin grasa
1229,Palomitas fat free
1230,Palomitas naturales
1231,Palomitas sin grasa
1232,Pambazo
1233,Pan 7 granos
1234,Pan árabe
1235,Pan árabe integral
1236,Pan bagel integral
1237,Pan bagel salado
1238,Pan baguette
1239,Pan birote
1240,Pan blanco
1241,Pan centeno
1242,Pan con salvado
1243,Pan de avena
1244,Pan de caja
1245,Pan de caja integral
1246,Pan de centeno y comino
1247,Pan de centeno y trigo
1248,Pan de girasol integral
1249,Pan de hamburguesa chico
1250,Pan de hot dog
1251,Pan de jengibre
1252,Pan de miel y avena
1253,Pan de plátano
1254,Pan integral
1255,Pan melba
1256,Pan molido
1257,Pan negro
1258,Pan para hamburguesa grande
1259,Pan para pambazo
1260,Pan tipo english muffin
1261,Pan tostado
1262,Panqué fat-free
1263,Papa al horno con cáscara
1264,Papa al horno sin cáscara
1265,Papa cocida
1266,Papa cocida sin cáscara
1267,Papa de agua
1268,Papa de cambray
1269,Papa hervida con piel
1270,Papa hervida pelada
1271,Papa picada
1272,Papa roja cruda
1273,Papas hojuelas para puré
1274,Papilla de arroz
1275,Papilla de arroz deshidratada
1276,Papilla de avena deshidratada
1277,Papilla de maíz deshidratada
1278,Pasta cocida
1279,Pasta cruda para sopa
1280,Pasta de codito
1281,Pasta de estrellitas
1282,Pasta de trigo cocida
1283,Pasta de trigo fresca
1284,Pasta integral cocida
1285,Pasta para sopa cruda
1286,Pasta tornillo cocida
1287,Pastel ángel
1288,Peneques
1289,Pinole
1290,Pretzels
1291,Puré de camote
1292,Puré de papa hojuelas
1293,Quinoa
1294,Raíz de Chayote
1295,Sagú
1296,Salvado de maíz
1297,Salvado de trigo
1298,Sémola de maíz preparada
1299,Semolina
1300,Sopa instan ramen sin preparar
1301,Sorgo
1302,Tallarín cocido
1303,Tallarín crudo
1304,Tapioca
1305,Telera
1306,Tortilla
1307,Tortilla de maíz
1308,Tortilla de maíz amarillo
1309,Tortilla de maíz azul o negro
1310,Tortilla de maíz blanco
1311,Tortilla de maíz y soya
1312,Tortilla de maíz y trigo
1313,Tortilla de nopal
1314,Tostada de maíz horneada
1315,Tostada de nopal horneada
1316,Trigo
1317,Trigo cocido
1318,Trigo entero
1319,Trigo negro
1320,Trigo triturado
1321,Yuca
1322,Yuquilla
1323,Barra Choco krispis
1324,Barra de fruta con Avena Fresa
1325,Barra de granola
1326,Barra multigrano linaza
1327,Barra Zucaritas
1328,Barras Chewy para Niños Varios Sabores
1329,Barrita de granola con cacahuate
1330,Barrita de granola con choco chip
1331,Barrita de granola con pasitas y nuez
1332,Barrita de granola cubierta con chocolate
1333,Barritas de fresa
1334,Barritas Marinela
1335,Base para pay
1336,Bigote relleno de chocolate
1337,Bigotes de cajeta
1338,Bigotes de chocolate
1339,Bigotes miniatura de cajeta
1340,Bimbuñuelos
1341,Bisquet
1342,Botana con proteína de amaranto
1343,Brownie casero
1344,Brownie comercial
1345,Cheescake
1346,Cheetos
1347,Cheetos Poffs
1348,Cheetos Torciditos
1349,Chicharrón de harina enchilado
1350,Chips ahoy
1351,Chips de plátano
1352,Choco chispas
1353,Churritos Barcel
1354,Concha pan dulce
1355,Costra para pay casera
1356,Costra para pay congelada
1357,Croissant
1358,Croissant de manzana
1359,Croissant de queso
1360,Croutones sazonados
1361,Cupcake de chocolate
1362,Dalmata
1363,Dona
1364,Dona glaseada de chocolate
1365,Doraditas
1366,Doritos Nachos
1367,Doritos pizzerolas
1368,Eclair de chocolate
1369,Fritos
1370,Frituras de maíz con chile y limón
1371,Fruitcake con grasa
1372,Galleta con chispas de chocolate
1373,Galleta cubierta de chocolate
1374,Galleta de avena
1375,Galleta de avena con pasas
1376,Galleta de avena y manzana
1377,Galleta de chocolate con relleno cremoso
1378,Galleta de crema de cacahuate
1379,Galleta de malvavisco con chocolate
1380,Galleta de nuez
1381,Galleta integral
1382,Galleta integral con miel
1383,Galleta integral de trigo
1384,Galleta integral molida
1385,Galleta Oreo
1386,Galleta salada cremosa
1387,Galleta sandwich
1388,Galleta wafers
1389,Galletas con almendras
1390,Gansito
1391,Granola con almendras
1392,Granola con avena y miel
1393,Granola con pasitas y dátiles
1394,Granola estándar
1395,Granola Thins Nature Valley
1396,Habaneras Bran Arándanos Ciruela
1397,Harina de cacahuate
1398,Harina de soya baja en grasa
1399,Harina de soya desgrasada
1400,Harina de soya full fat
1401,Hojaldra
1402,Kinder delice
1403,Macarrón con queso
1404,Madalena
1405,Maíz palomero con mantequilla horno de microondas
1406,Muffin con mantequilla
1407,Muffin de blueberry
1408,Muffin de maíz
1409,Muffin integral
1410,Muffin integral con pasas
1411,Nachos
1412,Nature valley
1413,Nature valley barra granola con manzana
1414,Oreja
1415,Palomitas con queso
1416,Palomitas garapiñadas
1417,Pan de ajo
1418,Pan de ajo con queso
1419,Pan de dulce orejas
1420,Pan de muesli
1421,Panqué
1422,Panqué de nata
1423,Panqué de salvado
1424,Panquecito cubierto de chocolate
1425,Panquecito de vainilla
1426,Papa congelada para freír
1427,Papa hash brown
1428,Papa Sal
1429,Papas fritas
1430,Papas fritas a la francesa
1431,Papas fritas bajas en grasa
1432,Papas fritas en juliana
1433,Papas Sabritas
1434,Pasta de hojaldre
1435,Pastel de chocolate
1436,Pastel de frutas
1437,Pastel de zanahoria con cubierta de queso crema
1438,Pastelito con relleno cremoso y mermelada
1439,Pastelito de chocolate con relleno cremoso
1440,Pastitas de mantequilla
1441,Pay de calabaza
1442,Pay de chocolate
1443,Pay de limón con merengue
1444,Pay de manzana
1445,Pay de nuez
1446,Pay de queso
1447,Pay helado de limón
1448,Puré de papa
1449,Rice krispies treats
1450,Roles de canela
1451,Rollo de fresa
1452,Sabritas Ligeras
1453,Strudel de manzana
1454,Tamal de carne
1455,Tamal de elote
1456,Tamal de frijol
1457,Tamal de queso con rajas
1458,Tamal rojo
1459,Tamal verde
1460,Tortilla de harina
1461,Tortilla de harina integral
1462,Tostada
1463,Totopos de maíz
1464,Trenza glaseada
1465,Wafle
1466,Wafle con mantequilla
1467,Wafle estilo casero
1468,Wafle integral
1469,Wafle miniatura
2001,Agujas de res
2002,Anchoa con aceite
2003,Arenque cocido
2004,Arenque fresco crudo
2005,Arrachera cruda
2006,Arrachera de res cocida
2007,Atún blanco en aceite
2008,Atún en aceite drenado
2009,Barbacoa
2010,Barbacoa con hueso
2011,Bistec de ternera
2012,Bonito
2013,Bonito en aceite
2014,Bonito fileteado
2015,Cabeza de carnero cocida
2016,Cabeza de cerdo
2017,Calamar frito
2018,Carne de cerdo
2019,Carne de cerdo molida
2020,Carne de ganso de crianza
2021,Carne de pato de crianza
2022,Carne de res (promedio)
2023,Carne de ternera
2024,Carne molida de cerdo
2025,Carne promedio
2026,Carnero
2027,Carnero con hueso
2028,Carpa
2029,Carpa cocida
2030,Carpa horneada
2031,Chuleta de cerdo
2032,Conejo
2033,Conejo de crianza
2034,Corazón de borrego
2035,Corazón de borrego cocido
2036,Corazón de cordero
2037,Corazón de cordero cocido
2038,Corazón de pavo
2039,Corazón de pollo cocido
2040,Corned beef
2041,Corned beef con áspic
2042,Cuete de ternera
2043,Falda de cerdo
2044,Filete de carpa
2045,Filete de cerdo
2046,Filete de puerco
2047,Filete de salmón
2048,Gallina
2049,Gallina joven cocida
2050,Ganso de crianza
2051,Guajolote
2052,Hígado de ganso crudo
2053,Hígado de borrego cocido
2054,Hígado de cerdo cocido
2055,Hígado de ganso
2056,Hígado de pato crudo
2057,Hígado de pavo
2058,Hígado de pollo cocido
2059,Hígado de pollo crudo
2060,Hígado de res cocido
2061,Hígado de res frito
2062,Hueva de pescado cocida
2063,Huevo congelado sin colesterol
2064,Huevo de tortuga
2065,Jamón bajo en grasa
2066,Jamón de pavo
2067,Jamón de pierna
2068,Lomo de cerdo
2069,Lomo de cerdo en trozos
2070,Maciza de carnero
2071,Maciza de ternera
2072,Milanesa de cerdo
2073,Milanesa de ternera
2074,Molida de cerdo
2075,Molida de res
2076,Molida de sirloin
2077,Molida especial
2078,Molida regular de res (10% grasa)
2079,Muslo de pollo crudo sin piel
2080,Ostión cocido
2081,Ostión crudo
2082,Ostión cultivado
2083,Ostión cultivado cocido
2084,Ostión en jugo
2085,Ostión enlatado
2086,Pámpano
2087,Pámpano cocido
2088,Pámpano fileteado
2089,Pancita de puerco
2090,Pasta de anchoas
2091,Pasta de camarón
2092,Pasta de langosta
2093,Pastrami de pavo
2094,Pato de crianza
2095,Pavo
2096,Pavo entero
2097,Pechuga de pollo con piel
2098,Pescado blanco
2099,Pescado blanco cocido
2100,Pescado blanco fileteado
2101,Pescuezo de pollo sin piel
2102,Pescuezo de res
2103,Pierna de carnero
2104,Pierna de cerdo
2105,Pierna de cordero
2106,Pierna de pollo sin piel cocida
2107,Pierna de pollo sin piel cruda
2108,Pierna de puerco
2109,Pulpa de cerdo
2110,Pulpa de ternera
2111,Queso cheddar bajo en grasa
2112,Queso cottage cremoso
2113,Queso de soya
2114,Queso fresco
2115,Queso fresco de cabra
2116,Queso fresco de vaca
2117,Queso Oaxaca Lala Light
2118,Queso panela
2119,Queso Panela Lala Light
2120,Queso ricotta reducido en grasa
2121,Retazo de carnero
2122,Rib eye sin grasa
2123,Salmón
2124,Salmón cocido
2125,Salmón fresco
2126,Short loin
2127,Sierra ahumada
2128,Sirloin
2129,Sustituto de huevo en polvo
2130,Sustituto de huevo liquido
2131,T-bone sin grasa
2132,Ternera
2133,Ternera en canal
2134,Tofu firme
2135,Trucha
2136,Trucha ahumada
2137,Trucha cocida
2138,Trucha fileteada
2139,Arenque marinado
2140,Bistec de bola
2141,Bola de res
2142,Boquerones (fritos)
2143,Carne de suadero
2144,Carne deshebrada
2145,Carne molida extra magra cocida
2146,Carne molida extra magra salteada
2147,Caviar
2148,Caviar negro
2149,Caviar rojo
2150,Chicharrón
2151,Chicharrón de cerdo
2152,Chicharrón de puerco
2153,Costillar de cerdo
2154,Costillitas de cerdo
2155,Gusanos de maguey
2156,"Huevo ""enriquecido con DHA-Omega 3 y Vitamina E"""
2157,Huevo agra
2158,Huevo batido o revuelto cocido
2159,Huevo blanco cocido
2160,Huevo deshidratado
2161,Huevo en polvo
2162,Huevo entero cocido
2163,Huevo entero fresco
2164,Huevo fresco
2165,Huevo pochado
2166,Huevo rojo cocido
2167,Longaniza de primera
2168,Macarela cocida
2169,Macarela fresca
2170,Muslo de pollo con piel cocido con hueso
2171,Muslo de pollo con piel crudo con hueso
2172,Orejas de cerdo
2173,Pata de cerdo cocidas
2174,Patas de cerdo en escabeche
2175,Patitas de cerdo encurtidas sin hueso
2176,Pecho de res
2177,Pierna de pollo con piel cocida
2178,Pierna y muslo de pollo con piel
2179,Queso blanco
2180,Queso de soya
2181,Queso holandés
2182,Queso Monterrey bajo en grasa
2183,Queso Mozzarella reducido en grasa
2184,Queso mozzarella semidescremado
2185,Queso Muenster bajo en grasa
2186,Queso parmesano
2187,Queso parmesano duro
2188,Queso parmesano en trozo
2189,Queso parmesano rallado
2190,Queso ricotta semidescremado
2191,Queso Tipo Americano Lala Light
2192,Salami de pavo
2193,Salchicha de pavo
2194,Salchicha vegetariana
2195,Salmón en aceite
2196,Sardinas en aceite
2197,Sardinas en tomate
2198,Sesos de cerdo cocidos
2199,Sesos de cordero cocidos
2200,Sesos de ternera cocidos
2201,Sierra
2202,Sierra fileteada
2203,Sierra picada
2204,Suadero crudo
2205,Sustituto de queso mozzarella
2206,Alón de pollo con piel cocido
2207,Alón de pollo con piel crudo
2208,Añejo tipo cotija
2209,Carne de res semigrasosa
2210,Carne molida popular de res
2211,Carne molida regular
2212,Carne molida regular cocida
2213,Carne obscura de pollo con piel
2214,Cecina de res
2215,Cerdo en canal
2216,Cheez whiz
2217,Chuleta de carnero
2218,Chuleta de cordero entera
2219,Cordero
2220,Costilla de carnero
2221,Costilla de res
2222,Espaldilla
2223,Espaldilla de cerdo
2224,Espinazo
2225,Espinazo de cerdo
2226,Fondue de queso
2227,Huevo de gansa
2228,Huevo de pato
2229,Huevo de pavo
2230,Huevo estrellado
2231,Huevo frito
2232,Huevo revuelto
2233,Jamón ahumado
2234,Jamón americano
2235,Jamón bajo en sodio
2236,Jamón cocido
2237,Jamón del diablo
2238,Jamón horneado
2239,Jamón Virginia
2240,Jumiles
2241,Lengua de cerdo cocida
2242,Lengua de res cocida
2243,Maciza de cerdo
2244,Maciza de puerco
2245,Molida de carnero
2246,Molida popular de res
2247,Morcilla
2248,Morcilla de arroz
2249,Moronga
2250,Mortadela
2251,Mozzarella fresco
2252,Nugget de pollo
2253,Nugget de queso
2254,Nuguet de soya
2255,Ostión ahumado
2256,Ostión empanizado
2257,Palitos de pescado congelados
2258,Paloma
2259,Pastel de pavo
2260,Pastel de pollo
2261,Pastel de puerco
2262,Pastel de ternera
2263,Pata de carnero cocida
2264,Peperami
2265,Peperoni
2266,Pescuezo de pollo con piel sin hueso
2267,Pollo crispy
2268,Pollo rostizado
2269,Pulpa de res
2270,Queso amarillo
2271,Queso americano fundido
2272,Queso añejo
2273,Queso añejo rallado
2274,Queso asadero
2275,Queso blue cheese
2276,Queso brick
2277,Queso brie
2278,Queso camembert
2279,Queso canasto
2280,Queso cheddar
2281,Queso cheddar rallado
2282,Queso Cheezwiz
2283,Queso Cheshire
2284,Queso chihuahua
2285,Queso Chihuahua fresco
2286,Queso chihuahua rallado
2287,Queso colby estilo Cheddar
2288,Queso cotija
2289,Queso crema light
2290,Queso de cabra con ceniza
2291,Queso de cabra duro
2292,Queso de cabra semi suave
2293,Queso de cabra suave
2294,Queso edam
2295,Queso feta
2296,Queso fontina
2297,Queso fundido
2298,Queso gouda
2299,Queso gruyere
2300,Queso Limburger
2301,Queso manchego
2302,Queso manchego rallado
2303,Queso manchego rebanado
2304,Queso menonita
2305,Queso Monterrey
2306,Queso mozarella
2307,Queso mozzarella rallado
2308,Queso mozzarella suave
2309,Queso Muenster
2310,Queso neufchatel
2311,Queso Oaxaca
2312,Queso pasteurizado americano
2313,Queso pasteurizado suizo
2314,Queso portsalut
2315,Queso provolone
2316,Queso ricotta
2317,Queso romano
2318,Queso roquefort
2319,Queso suizo
2320,Queso suizo rallado
2321,Queso tipo americano
2322,Queso tipo roquefort
2323,Queso velveta
2324,Retazo
2325,Retazo con hueso
2326,Retazo de pollo
2327,Retazo de res
2328,Retazo de ternera
2329,Rib eye
2330,Salami
2331,Salami de ternera
2332,Salchicha
2333,Salchicha ahumada
2334,Salchicha de pollo
2335,Salchicha de puerco
2336,Salchicha de ternera
2337,Salchicha vienna
2338,Salchicha vienna ahumada
2339,Sesos de res cocidos
2340,Sesos de res crudos
2341,Sesos de res fritos
2342,T-bone con grasa cocido
2343,Tofu frito
2344,Tripas de res
2345,Ubre
2346,Velveta
2347,Yema
2348,Yema de huevo
2349,Yema de huevo en polvo
3001,ALF fresa con Lactobacillus casei Shirota
3002,ALF mango con Lactobacillus casei Shirota
3003,ALF manzana con Lactobacillus casei Shirota
3004,Bebida de soya (Leche de soya)
3005,Danonino Queso Tipo Petit Suisse
3006,Leche Alpura Light Extra
3007,Leche descremada
3008,Leche descremada con chocolate
3009,Leche descremada en polvo
3010,Leche descremada en polvo reducida en Ca
3011,Leche en polvo descremada
3012,Leche evaporada descremada
3013,Leche evaporada semidescremada
3014,Leche Lala Extracalcio Light
3015,Leche Lala Light
3016,Leche Lala Siluette Plus
3017,Leche Lala Vive con fibra
3018,Leche Lala Vive Deslactosada light
3019,Leche Light Extra
3020,Natilla Lala Siluette Plus
3021,PLF sin azucar con Lactobacillus casei Shirota
3022,Yoghurt Activia 0% con ActiRegularis sabores Fresa y Ciruela Pasa
3023,Yoghurt bajo en grasa
3024,Yoghurt Lala Light batido
3025,Yoghurt Lala Light bebible
3026,Yoghurt Lala Siluette Plus de fruta
3027,Yoghurt Lala Vive con fibra 0%
3028,Yoghurt light
3029,Yoghurt light de fruta
3030,Yoghurt para beber con fruta bajo en calorias
3031,Yoghurt solido Vitalinea sabor fresa
3032,Yoghurt solido Vitalinea sabor natural
3033,ALF natural con Lactobacillus casei Shirota
3034,Leche evaporada semidescremada
3035,Leche facil digestion
3036,Leche Lactium MX
3037,Leche Lala Extracalcio Deslactosada
3038,Leche Lala Extracalcio Semidescremada
3039,Leche Lala Semidescremada
3040,Leche Lala Vive Deslactosada semidescremada
3041,Leche Lala Vive sin colesterol con omega 3
3042,Leche semidescremada
3043,Leche semidescremada 1%
3044,Leche semidescremada 2%
3045,Licuado de leche Lala Siluette Plus
3046,Vitalinea bebible sabor fresa
3047,Yoghurt Oikos estilo griego sabor Arandano
3048,Yoghurt Oikos estilo griego sabor Coco
3049,Yoghurt Oikos estilo griego sabor Fresa
3050,Yoghurt Oikos estilo griego sabor Natural
3051,Jocoque
3052,Jocoque ligero
3053,Jocoque seco
3054,Leche
3055,Leche caliente
3056,Leche clavel
3057,Leche cruda
3058,Leche de burra
3059,Leche de cabra
3060,Leche de vaca
3061,Leche en polvo
3062,Leche entera
3063,Leche entera baja en sodio
3064,Leche entera en polvo
3065,Leche entera en polvo adicionada
3066,Leche entera evaporada
3067,Leche entera ultrapasteurizada
3068,Leche evaporada
3069,Leche fria
3070,Leche hervida
3071,Leche humana
3072,Leche Lala Desarrollo en polvo
3073,Leche Lala Entera
3074,Leche Liconsa Te Nutre
3075,Leche materna
3076,Leche maternizada en polvo
3077,Leche omega verde
3078,Leche pasteurizada
3079,Leche preparada
3080,Yoghurt
3081,Yoghurt Lala batido
3082,Yoghurt Lala Vive con fibra
3083,Yoghur natural
3084,Activia bebible con Acti-Regularis natural
3085,Activia Bebible Con Acti-Regularis Fresa-Platano y Cereales
3086,Activia Bebible Con Acti-Regularis Manzana y Linaza
3087,Activia Bebible Con Acti-Regularis Papaya Cereales
3088,Activia bebible con Acti-Regularis sabor Ciruela Pasa
3089,Activia bebible con Acti-Regularis sabor Fresa
3090,Activia bebible con Acti-Regularis sabor pina apio y nopal
3091,Activia solido con Acti-Regularis sabor Ciruela Pasa
3092,Activia solido con Acti-Regularis sabor Fresa
3093,Activia solido con Acti-Regularis natural
3094,ALF para beber fresa con Lactobacillus casei Shirota
3095,ALF para beber mango con Lactobacillus casei Shirota
3096,ALF para beber natural con Lactobacillus casei Shirota
3097,Alimento lacteo fermentado sabor fresa (Lactobacillus casei y Streptococcus thermophilus)
3098,Alimento lacteo fermentado sabor manzana (Lactobacillus casei y Streptococcus thermophilus)
3099,Alimento lacteo fermentado sabor natural (Lactobacillus casei y Streptococcus thermophilus)
3100,Bio 4
3101,Chongos zamoranos
3102,Danone Yoghurt Solido Saborizado sabores Fresa Manzana y Durazno
3103,Danone Yoghurt Bebible Con Fruta sabores natural fresa durazno manzana coco y fresa-moras
3104,Danone Yoghurt Solido con Fruta sabores Fresa Manzana y Durazno
3105,Danone Yoghurt solido natural
3106,Danone Yoghurt Licuados sabores Fresa platano y cereales y Nuez platano y cereales
3107,Danonino Yoghurt Solido sabor fresa
3108,Helado de cafe
3109,Helado de cafe bajo en calorias
3110,Helado de chocolate
3111,Helado de chocolate bajo en calorias
3112,Helado de fresa
3113,Helado de fresa bajo en calorias
3114,Helado de vainilla
3115,Helado de vainilla bajo en calorias
3116,Helado de yogur
3117,Helado de yogur de fresa
3118,Helado napolitano
3119,Helado napolitano bajo en calorias
3120,Leche con chocolate
3121,Leche con chocolate semidescremada 1%
3122,Leche con vainilla
3123,Leche de soya saborizada
3124,Leche descremada con chocolate
3125,Leche en polvo sabor fresa
3126,Leche en polvo sabor vainilla
3127,Leche fermentada con lactobacilo
3128,Leche fermentada con lactobacilo sabor naranja
3129,Leche fermentada con lactobacilo sabor natural
3130,Leche fermentada con lactobacilo sabor vainilla
3131,Leche Lala Saborizada
3132,Leche Lala Vive con fibra saborizada
3133,Leche malteada de chocolate
3134,Leche malteada sabor chocolate
3135,Leche malteada sabor fresa
3136,Leche malteada sabor vainilla
3137,Leche semidescremada sabor chocolate
3138,Malteada de chocolate
3139,Malteada de fresa
3140,Malteada de vainilla
3141,Nescafe Dolce Gusto latte macchiato
3142,Nescafe Dolce Gusto caramel latte macchiato
3143,Nescafe Dolce Gusto Chococino
3144,PLF con Lactobacillus Casei Shirota
3145,Yoghurt bebible sabor durazno
3146,Yoghurt bebible sabor fresa
3147,Yoghurt bebible sabor pina colada
3148,Yoghurt Benegastro sabor natural y fresa
3149,Yoghurt de cafe
3150,Yoghurt de fruta
3151,Yoghurt de vainilla
3152,Yoghurt Lala batido
3153,Yoghurt Lala bebible frutas
3154,Yoghurt Lala Vive con fibra
3155,Yoghurt Lala Vive Desalctosado
3156,Yoghurt Lala Vive sin colesterol con Menoscol
3157,Yoghurt para beber sabor fruta
3158,Yoghurt Dan UP sabor fresa
3159,Yoghurt de soya
4001,Agua de coco
4002,Albaricoque en almíbar
4003,Albaricoque en mitades enlatados en jugo
4004,Albaricoque en mitades enlatados en agua
4005,Anona
4006,Arándano fresco
4007,Arándano seco con azúcar
4008,Blueberries
4009,Blueberries congeladas
4010,Blueberries congeladas con azúcar
4011,Blueberries en almíbar
4012,Breba
4013,Caimito blanco o morado
4014,Calabaza melón
4015,Caña de azúcar
4016,Capulín
4017,Carambolo o Carambola
4018,Cereza
4019,Cereza congeladas
4020,Cerezas en almíbar
4021,Cerezas maschino enlatadas
4022,Chabacano
4023,Chagua
4024,Cherimoya picada
4025,Chicozapote
4026,Chirimoya
4027,Ciricote
4028,Ciruela criolla roja o amarilla
4029,Ciruela negra
4030,Ciruela pasa deshuesada
4031,Cocktail de frutas en almíbar
4032,Cocktail de frutas enlatado con agua
4033,Cocktail de frutas enlatado con jugo de fruta
4034,Cocoyol
4035,Coloc
4036,Cunceamor
4037,Dátil seco
4038,Durazno amarillo
4039,Durazno con azúcar congelado
4040,Durazno en almíbar
4041,Durazno enlatado en agua
4042,Durazno enlatado en jugo
4043,Durazno prisco
4044,Frambuesa
4045,Fresa entera
4046,Fresa rebanada
4047,Fresas congeladas con azúcar
4048,Fresas congeladas sin azúcar
4049,Fruta de la pasión
4050,Fruta picada
4051,Fruto del pan
4052,Gajos de mandarina
4053,Gajos de naranja
4054,Gajos de toronja
4055,Giotilla
4056,Granada china
4057,Granada roja
4058,Grosellas
4059,Grosellas en almíbar
4060,Grosellas negras
4061,Grosellas rojas o blancas
4062,Guanábana
4063,Guayaba
4064,Guayaba rosa
4065,Higo
4066,Higo deshidratado
4067,Jugo de toronja natural
4068,Kiwi
4069,Lichis
4070,Lima
4071,Limón real
4072,Mamey
4073,Mandarina
4074,Mandarina reyna
4075,Mango ataúlfo
4076,Mango criollo
4077,Mango en almíbar enlatado
4078,Mango manila
4079,Mango petacón
4080,Mango picado
4081,Mangosteno enlatado en jarabe
4082,Manzana
4083,Manzana al vapor
4084,Manzana amarilla
4085,Manzana cocida
4086,Manzana deshidratada
4087,Manzana en almíbar
4088,Manzana en almíbar enlatada
4089,Manzana golden
4090,Manzana granny
4091,Manzana picada
4092,Manzana roja
4093,Manzana sin cáscara
4094,Manzana verde
4095,Manzana Washington
4096,Maracuyá
4097,Maracuyá rebanado
4098,Marañón fresco
4099,Melón
4100,Melón cantaloupe
4101,Melón chino
4102,Melón picado
4103,Melón valenciano
4104,Melón valenciano picado
4105,Melón verde picado
4106,Membrillo
4107,Moras
4108,Nanche agrio
4109,Naranja
4110,Naranja agria
4111,Naranja cajera
4112,Naranja china
4113,Naranja sin semilla
4114,Naranja valenciana
4115,Naranjada concentrada
4116,Nectarina
4117,Níspero
4118,Níspero del Japón
4119,Orejones de chabacano
4120,Orejones de durazno
4121,Orejones de manzana
4122,Orejones de pera
4123,Papaya hawaiana
4124,Papaya picada
4125,Papilla de chabacano con tapioca
4126,Papilla de ciruela pasa con tapioca
4127,Papilla de durazno
4128,Papilla de frutas mixtas
4129,Papilla de guayaba y papaya con tapioca
4130,Papilla de mango con tapioca
4131,Papilla de manzana
4132,Papilla de manzana y chabacano
4133,Papilla de pera
4134,Papilla de pera y piña
4135,Papilla de plátano y piña con tapioca
4136,Pasas
4137,Pasitas
4138,Pasitas sin semilla
4139,Pera
4140,Pera asiática
4141,Pera bartlett
4142,Pera d'anjou
4143,Pera de agua
4144,Pera de San Juan
4145,Pera deshidratada
4146,Pera en almíbar
4147,Pera mantequilla
4148,Pera picada
4149,Pera piña
4150,Pera rebanada
4151,Pera roja
4152,Pera roja rebanada
4153,Perón
4154,Perón picado
4155,Pérsimo
4156,Pérsimo japonés
4157,Piña en almíbar (rebanada)
4158,Piña en almíbar (taza)
4159,Piña picada
4160,Piña rebanada
4161,Pitahaya
4162,Plátano
4163,Plátano deshidratado
4164,Plátano dominico
4165,Plátano machacado
4166,Plátano macho
4167,Plátano macho rebanado
4168,Plátano manzano
4169,Plátano morado
4170,Pomarosa
4171,Pomelo
4172,Prisco
4173,Pulpa de fresa
4174,Pulpa de guanábana
4175,Pulpa de mamey
4176,Pulpa de tamarindo
4177,Pulpa de zapote negro
4178,Puré de ciruela pasa
4179,Puré de guayaba
4180,Puré de Guayaba Gerber 2A Etapa
4181,Puré de manzana
4182,Puré de manzana sin azúcar
4183,Puré de plátano
4184,Rambután
4185,Rambutan en almíbar
4186,Rollo de frutas
4187,Salsa de arándano en gelatina enlatada
4188,Sandía picada
4189,Sandía rebanada
4190,Saramuyo
4191,Semilla de jinicuil
4192,Tamarindo
4193,Tamarindo (pulpa sin azúcar)
4194,Tamarindo pelado
4195,Tangerina
4196,Tejocote
4197,Toronja
4198,Toronja en gajos
4199,Toronja enlatada con jugo
4200,Toronjas en almíbar
4201,Tuna
4202,Tuna Cardona
4203,Tuna picada
4204,Tuna roja
4205,Uva
4206,Uva blanca
4207,Uva con semilla
4208,Uva roja
4209,Uva sin semilla
4210,Uva verde
4211,Uva verde sin semilla
4212,Uvas enlatadas en agua
4213,Xocoyol
4214,Zapote
4215,Zapote amarillo
4216,Zapote blanco
4217,Zapote borracho
4218,Zapote negro
4219,Zapote negro limpio
4220,Zarzamora
4221,Zarzamora congelada sin azúcar
4222,Zarzamora en almíbar
5001,Alubia cocida (chica o grande)
5002,Alubia cruda (chica o grande)
5003,Alubia enlatada guisada
5004,Alubia germinada
5005,Alverjón o chícharo seco crudo
5006,Alverjón o chícharo seco cocido
5007,Chícharo germinado cocido
5008,Frijol germinado cocido
5009,Frijol germinado crudo
5010,Frijol molido
5011,Frijol promedio cocido
5012,Frijol promedio crudo
5013,Frijoles enteros enlatados
5014,Frijoles refritos caseros o enlatados
5015,Gandul
5016,Garbanzo cocido
5017,Garbanzo crudo
5018,Garbanzo enlatado
5019,Haba seca cocida
5020,Haba seca cruda
5021,Harina de frijol
5022,Harina de garbanzo
5023,Harina de haba
5024,Harina de lenteja
5025,Harina de soya
5026,Harina de soya baja en grasa
5027,Harina de soya sin grasa
5028,Hummus
5029,Ibes o haba de lima cocido
5030,Ibes o haba de lima crudo
5031,Lenteja cocida
5032,Lenteja cruda
5033,Miso (soybean paste)
5034,Soya cocida
5035,Soya texturizada
6001,Acelga cruda
6002,Acelga picada cocida
6003,Alcachofa mediana cocida
6004,Apio cocido
6005,Apio crudo
6006,Arúgula cruda
6007,Berenjena picada cocida
6008,Berro crudo
6009,Betabel crudo
6010,Betabel crudo rallado
6011,Bledos crudos
6012,Brócoli cocido
6013,Brócoli crudo
6014,Calabacita alargada cruda
6015,Calabacita redonda cruda
6016,Calabaza de Castilla cocida
6017,Cebolla blanca rebanada
6018,Cebolla cocida
6019,Cebolla morada rebanada
6020,Cebollita de cambray sin raíz
6021,Cebollitas en salmuera
6022,Champiñón cocido entero
6023,Champiñón cocido rebanado
6024,Champiñón crudo entero
6025,Champiñón crudo rebanado
6026,Chayote cocido picado
6027,Chayote crudo
6028,Chepil crudo
6029,Chícharo cocido sin vaina
6030,Chícharo crudo con vaina
6031,Chícharo en vaina cocido
6032,Chicoria cruda
6033,Chilacas crudas
6034,Chilacayote crudo
6035,Chile chilaca
6036,Chile chipotle seco
6037,Chile costeño
6038,Chile cristalino
6039,Chile cuaresmeño
6040,Chile de árbol seco
6041,Chile habanero
6042,Chile jalapeño
6043,Chile poblano
6044,Chiles secos
6045,Cilantro picado crudo
6046,Clavito (hongo) crudo
6047,Col cocida picada
6048,Col cruda picada
6049,Col morada cruda picada
6050,Colecita de Bruselas cocida
6051,Coliflor cocida
6052,Coliflor cruda
6053,Coliflor verde cocida
6054,Coliflor verde cruda
6055,Colinabo crudo
6056,Corazón de alcachofa crudo
6057,Corazón de lechuga crudo
6058,Corazón de palmito crudo
6059,Cresón cocido
6060,Cresón limpio crudo
6061,Crucetas crudas
6062,Cuitlacoche cocido
6063,Echalot
6064,Ejotes cocidos picados
6065,Elotitos de cambray
6066,Endivia cruda
6067,Espárragos crudos
6068,Espinaca cocida
6069,Espinaca cruda picada
6070,Flor de calabaza cocida
6071,Flor de calabaza cruda picada
6072,Flor de colorín cocida
6073,Flor de colorín cruda
6074,Flor de garambullo cruda
6075,Flor de maguey cruda
6076,Flor de Yuca cruda
6077,Germen de alfalfa crudo
6078,Germen de lenteja crudo
6079,Germen de soya cocido
6080,Granos de elote crudos
6081,Haba verde
6082,Hojas de amaranto cocidas
6083,Hojas de amaranto crudas
6084,Hojas de chicoria crudas
6085,Hojas de diente de león
6086,Hojas de pata de paloma
6087,Hojas de remolacha crudas
6088,Hojas de remolacha hervidas
6089,Hongo portobello crudo
6090,Hongo shiitake deshidratado
6091,Hongos crudos
6092,Huauzontle
6093,Huitlacoche cocido
6094,Ibes frescos
6095,Jícama picada
6096,Jitomate
6097,Jitomate bola
6098,Jitomate cereza
6099,Jitomate deshidratado
6100,Jitomate guaje o saladet
6101,Jitomate verde
6102,Jitomatillo (miltomate)
6103,Jugo de tomate
6104,Jugo de verduras
6105,Jugo de zanahoria
6106,Lechuga
6107,Lengua de vaca
6108,Lenteja germinada cocida
6109,Malva
6110,Mezcla de verdura congelada cocidas sin sal
6111,Morillas deshidratadas
6112,Morillas frescas
6113,Nabo cocido
6114,Nopal cocido
6115,Nopal crudo
6116,Nopal crudo de cambray
6117,Palmito enlatado
6118,Papaloquelite crudo
6119,Papilla de verduras mixtas
6120,Pepinillos crudos
6121,Pepinillos dulces
6122,Pepino con cáscara rebanado
6123,Perejil crudo picado
6124,Pimiento amarillo crudo chico
6125,Pimiento cocido
6126,Pimiento fresco
6127,Pimiento rojo crudo chico
6128,Pimiento verde crudo chico
6129,Poro crudo
6130,Puerro crudo
6131,Puerro hervido sin sal
6132,Puré de tomate enlatado
6133,Quelite crudo
6134,Rábano crudo rebanado
6135,Romeritos crudos
6136,Salsa de chile
6137,Salsifí
6138,Semilla de guaje verde
6139,Setas cocidas
6140,Setas crudas
6141,Tomate verde
6142,Tomatitos (tomiles)
6143,Verdolaga cocida
6144,Verdolaga cruda limpia
6145,Verdura mezcla congelada cocida sin sal
6146,Xoconostle
6147,Yemitas (hongo) crudas
6148,Yerbamora cruda
6149,Zanahoria miniatura cruda
6150,Zanahoria picada cruda
6151,Zanahoria rallada cruda
7001,Aguardiente
7002,Anís dulce o seco
7003,Brandy
7004,Cerveza
7005,Cerveza light
7006,Champaña
7007,Coñac
7008,Crema de menta
7009,Ginebra
7010,Licor 100° proof
7011,Licor 94° proof
7012,Licor 90° proof
7013,Licor 86° proof
7014,Licor 80° proof
7015,Licor de almendras
7016,Licor de café
7017,Licor de café con crema
7018,Licor de café con whiskey
7019,Licor de naranja
7020,Oporto
7021,Pulque
7022,Rompope
7023,Ron blanco o añejo
7024,Sidra
7025,Tequila
7026,Vermouth seco
7027,Vino (12.2% alcohol)
7028,Vino blanco dulce
7029,Vino blanco seco
7030,Vino de manzana
7031,Vino de mesa
7032,Vino espumoso
7033,Vino rosado
7034,Vino tinto
7035,Vodka
7036,Whisky
8001,Aceite
8002,Aceite comestible
8003,Aceite de aguacate
8004,Aceite de ajonjolí
8005,Aceite de algodón
8006,Aceite de almendra
8007,Aceite de cacahuate
8008,Aceite de cacao
8009,Aceite de canola
8010,Aceite de cártamo
8011,Aceite de coco
8012,Aceite de girasol
8013,Aceite de girasol 60% con ácido linoleico
8014,Aceite de girasol 70% con ácido oleico
8015,Aceite de hígado de bacalao
8016,Aceite de maíz
8017,Aceite de oliva
8018,Aceite de oliva extra virgen
8019,Aceite de olivo
8020,Aceite de palma
8021,Aceite de soya
8022,Aceite de soya y algodón
8023,Aceite en spray
8024,Aceituna negra sin hueso
8025,Aceituna verde con hueso
8026,Aceituna verde sin hueso
8027,Aceitunas rellenas de anchoa
8028,Aceitunas rellenas de pimiento
8029,Aderezo
8030,Aderezo blue cheese
8031,Aderezo con queso y ajo
8032,Aderezo cremoso
8033,Aderezo de ciruela pasas
8034,Aderezo de hierbas finas
8035,Aderezo de mayonesa
8036,Aderezo de miel y mostaza
8037,Aderezo francés
8038,Aderezo italiano
8039,Aderezo italiano bajo en calorías
8040,Aderezo italiano cremoso
8041,Aderezo italiano cremoso bajo en calorías
8042,Aderezo jalapeño
8043,Aderezo mil islas
8044,Aderezo ranch
8045,Aderezo roquefort
8046,Aderezo ruso
8047,Aderezo tipo blue cheese
8048,Aderezo tipo cesar
8049,Aderezo tipo francés
8050,Aderezo tipo mil islas
8051,Aderezo tipo ranch
8052,Aderezo vinagreta casera
8053,Aderezo vinagreta comercial
8054,Aguacate California
8055,Aguacate de pellejo
8056,Aguacate florida
8057,Aguacate hass
8058,Aguacate mediano
8059,Aguacate verde
8060,Calahua
8061,Coco
8062,Coco de aceite
8063,Coco deshidratado
8064,Coco en hojuelas
8065,Coco entero
8066,Coco fresco
8067,Coco rallado
8068,Coco rallado y endulzado
8069,Coco seco
8070,Coco seco y endulzado
8071,Coquito
8072,Crema
8073,Crema 20% grasa (dulce)
8074,Crema 40% grasa (agria)
8075,Crema ácida
8076,Crema agria
8077,Crema batida
8078,Crema batida en aerosol
8079,Crema chantilly
8080,Crema de coco dulce
8081,Crema de coco natural
8082,Crema de leche en polvo
8083,Crema dulce
8084,Crema dulce para batir
8085,Crema entera
8086,Crema Lala Light
8087,Crema ligera
8088,Crema natural
8089,Crema para batir
8090,Crema para café
8091,Dip
8092,Dip de cebolla
8093,Dip preparado
8094,Dip preparado con crema
8095,Grasa de tocino
8096,Grasas animales
8097,Grasas vegetales para cocinar
8098,Guacamole
8099,Lardo
8100,Manteca de cerdo
8101,Manteca vegetal
8102,Mantequilla
8103,Mantequilla con sal
8104,Mantequilla derretida
8105,Mantequilla Lala Reducida en grasa
8106,Mantequilla sin sal
8107,Margarina
8108,Margarina baja en grasa
8109,Margarina con sal
8110,Margarina sin sal
8111,Mayonesa
8112,Media crema
8113,Pam
8114,Praliné
8115,Queso crema
8116,Queso crema bajo en grasa
8117,Queso crema untable
8118,Queso Philadelphia
8119,Salsa alfredo
8120,Salsa holandesa industrializada
8121,Salsa tártara industrializada
8122,Salsa tártara sin grasa
8123,Salsa velouté
8124,Tocino
8125,Tocino ahumado
8126,Tocino en lonja
8127,Tocino frito
8128,Tocino imitación
8129,Vinagreta
8130,Vinagreta baja en calorías
8131,Vinagreta comercial
8132,Ajonjolí
8133,Ajonjolí tostado
8134,Almendra
8135,Almendra acaramelada
8136,Almendra ahumada
8137,Almendra deshidratada
8138,Almendra fileteada
8139,Almendra picada
8140,Almendra tostada
8141,Avellana
8142,Avellana picada
8143,Avellana salada
8144,Avellana tostada
8145,Cacahuate
8146,Cacahuate acaramelado
8147,Cacahuate cocido
8148,Cacahuate con cáscara
8149,Cacahuate con pepitas
8150,Cacahuate con piel
8151,Cacahuate enchilado
8152,Cacahuate japonés
8153,Cacahuate picado
8154,Cacahuate salado
8155,Cacahuate tostado
8156,Cacahuates confitados
8157,Cacahuates cubiertos con salsa y limón
8158,Cacao con cáscara
8159,Cacao pataste
8160,Cacao sin cáscara
8161,Chía
8162,Chilorio
8163,Chilorio de pavo
8164,Chistorra
8165,Chorizo
8166,Chorizo de pollo
8167,Chorizo vegetariano
8168,Coroso
8169,Falafel hecho en casa
8170,Harina de ajonjolí
8171,Harina de almendras
8172,Harina de cacahuate
8173,Hot nuts
8174,Hummus de garbanzo
8175,Jamón serrano
8176,KKwate Sabritas Japonés
8177,KKwate Sabritas Salado
8178,Mafer Tostado Sazonado
8179,Mantequilla de cacahuate
8180,Mazapan Azteca Oreo
8181,Mazapán sin azúcar
8182,Nueces mixtas
8183,Nuez
8184,Nuez acaramelada
8185,Nuez de castilla
8186,Nuez de la india acaramelada
8187,Nuez de la india con almendras
8188,Nuez de la india con sal
8189,Nuez de la india sin sal en mitades
8190,Nuez de la india tostada sin sal
8191,Nuez de macadamia deshidratada
8192,Nuez deshidratada
8193,Nuez en mitades
8194,Nuez entera
8195,Nuez garapiñada
8196,Nuez picada
8197,Nuez tostada
8198,Pasta de almendras
8199,Pasta de cacahuate
8200,Pasta de cacahuate desgrasada
8201,Paté
8202,Paté de cerdo
8203,Paté de Foie Gras
8204,Paté de ganso
8205,Paté de hígado de cerdo
8206,Paté de hígado de ternera
8207,Paté de pollo
8208,Paté de ternera
8209,Pepita limpia
8210,Pepitas
8211,Pepitas con cáscara
8212,Pepitas de calabaza
8213,Pepitas de melón
8214,Pepitas tostadas
8215,Pepperoni
8216,Piñón
8217,Pistache
8218,Pistache tostado
8219,Queso de puerco
8220,Salsa bearnesa industrializada
8221,Salsa bechamel
8222,Salsa blanca
8223,Salsa de ajonjolí
8224,Salsa de cacahuate
8225,Salsa de pimienta verde
8226,Salsa de queso
8227,Salsa pesto
8228,Selección de botana mexicana
8229,Semilla de calabaza
8230,Semilla de calabaza menuda
8231,Semilla de chía
8232,Semilla de girasol
8233,Semilla de girasol tostada
8234,Tocino vegetariano
8301,Agua de fruta
8302,Agua de melón
8303,Agua de sandía
8304,Agua de guayaba
8305,Agua de piña
8306,Agua de sabor
8307,Agua de limón
8308,Agua de jamaica
8309,Agua de verduras
8310,Agua de pepino
8311,Agua de alfalfa
8312,Jugo de fruta natural
8313,Jugo de papaya con naranja
8314,Jugo de papaya natural
8315,Jugo de naranja natural
8316,Jugo de toronja natural
8317,Jugo de fruta con verdura
8318,Jugo de naranja con betabel
8319,Jugo de naranja con zanahoria
8320,Cuba
8321,Vodka tonic
8322,Alcohol con verdura
8323,Bloody merry
8324,Clamato
8325,Alcohol con leche
8326,Alfonso 13
8327,Ruso blanco
8328,Alcohol con fruta
8329,Desarmador
8330,Fresa colada
8331,Piña colada
8332,Cereal con leche y azúcar
8333,Fruta con yogur
8334,Hot cakes wafles pan francés
8335,Cereal con leche y fruta
8336,Cereal con plátano ó fresas
8337,Tamal de dulce
8338,Huevo con verdura
8339,Huevo a la mexicana
8340,Huevo con ejotes
8341,Huevo con salsa
8342,Huevo con embutidos
8343,Huevo con chorizo
8344,Huevo con jamón
8345,Huevo con tocino
8346,Huevo con salchicha
8347,Huevo con tortilla o papa y salsa
8348,Huevo ranchero
8349,Huevo revuelto con tortilla
8350,Tortilla española
8351,Huevo con leguminosa
8352,Huevo con salsa de frijol
8353,Huevo revuelto con frijoles
8354,Huevo con queso
8355,Tortilla con salsa crema y queso
8356,Chilaquiles
8357,Enchiladas
8358,Frijoles cocidos
8359,Frijoles de la olla
8360,Frijoles con cilantro
8361,Frijoles con epazote
8362,Frijoles refritos
8363,Frijoles con chorizo
8364,Frijoles con tocino
8365,Caldo gallego
8366,Fabada
8367,Frijoles con queso
8368,Frijoles puercos
8369,Verduras al vapor y con limón
8370,Ejotes al vapor
8371,Ensalada de germen con limón y sal
8372,Jícamas con limón y sal
8373,Verduras guisadas
8374,Calabacitas con elote y rajas
8375,Champiñones al ajillo
8376,Ejotes salteados
8377,Verduras con vinagreta
8378,Verduras estofadas
8379,Verduras a la mantequilla
8380,Verduras con crema
8381,Verduras con mantequilla
8382,Verduras cocidas con crema tocino o mayonesa
8383,Betabel con mayonesa
8384,Chícharos o espinacas con crema
8385,Ejotes salteados con almendras
8386,Verduras gratinadas
8387,Calabacitas rellenas
8388,Chayotes al horno con crema y queso
8389,Chayotes rellenos
8390,Verdura rellena de queso
8391,Calabacitas rellenas (pieza)
8392,Chayotes rellenos (pieza)
8393,Verduras capeadas y en salsa
8394,Huauzontles
8395,Tortitas de coliflor
8396,Ensaladas con vinagreta
8397,Ensalada de betabel
8398,Ensalada de lechuga y jitomate
8399,Ensalada de nopales
8400,Ensaladas con proteína y aderezo
8401,Ensalada de atún
8402,Ensalada de pollo
8403,Ensalada del chef
8404,Ensalada de lechugas con queso cabra
8405,Ensaladas de verdura con fruta y aderezo
8406,Ensalada de brócoli con pasitas
8407,Ensalada de espinaca con toronja
8408,Ensalada de lechugas con pera
8409,Papas guisadas o en vinagreta
8410,Papas con vinagreta
8411,Papas salteadas con perejil
8412,Tortitas de papa
8413,Consomés y caldos desgrasados
8414,Caldo de pollo desgrasado
8415,Caldo de res desgrasado
8416,Sopas de verduras
8417,Consomé con verdura
8418,Sopa de verdura
8419,Sopa de espinaca
8420,Sopa de nopal
8421,Sopa de hongos con flor
8422,Sopa juliana
8423,Cremas de verduras
8424,Crema de brócoli
8425,Crema de calabacitas
8426,Crema de espinacas
8427,Crema de poblano
8428,Sopas de cereal
8429,Sopa de pasta
8430,Sopa de tapioca
8431,Sopa de tortilla
8432,Sopa de cereal con verdura
8433,Sopa de fideo con espinacas
8434,Sopa de poro y papa
8435,Sopa de codito con acelgas
8436,Sopa de letras con zanahoria
8437,Cremas de cereal
8438,Crema de papa
8439,Crema de elote
8440,Sopas de leguminosas
8441,Sopa de frijol
8442,Sopa de habas
8443,Sopa de lentejas
8444,Caldos con carne
8445,Caldo tlalpeño
8446,Sopa de huevo
8447,Sopa de pescado
8448,Arroz y pastas
8449,Arroz rojo
8450,Codito al chipotle
8451,Fideo seco
8452,Arroz pastas tortillas con verdura
8453,Arroz a la jardinera
8454,Arroz a la mexicana
8455,Pasta a la putanesca
8456,Pasta con jitomate
8457,Chilaquiles (sopa seca)
8458,Enchiladas (sopa seca)
8459,Entorratadas
8460,Arroz y pastas con carne y salsa cremosa
8461,Arroz con pollo al horno
8462,Codito con atún
8463,Macarrón con jamón y queso
8464,Arroz pastas papas con salsa cremosa o fritos
8465,Espaguetti al burro
8466,Papas a la francesa
8467,Tallarín al chipotle
8468,Espaguetti con crema
8469,Arroz blanco con plátano frito
8470,Carne pollo o pescado a la plancha
8471,Pescado empapelado
8472,Pollo a la plancha
8473,Ternera al horno en su jugo
8474,Carne pollo ó pescado guisados
8475,Albóndigas de res
8476,Bistec con salsa morita
8477,Chicharrón en salsa verde
8478,Estofado de res
8479,Pollo en salsa verde
8480,Tinga
8481,Albóndigas al chipotle
8482,Costillitas de cerdo en salsa de guajillo
8483,Pescado en salsa de guajillo
8484,Ropa vieja
8485,Carne pollo o pescado con salsas ligeras
8486,Cuete con vinagreta
8487,Pescado al vino blanco
8488,Res en salsa de vino tinto
8489,Carne pollo o pescado guisados con verduras
8490,Pescado a la veracruzana
8491,Picadillo
8492,Pollo con nopales en salsa verde
8493,Pollo a la jardinera
8494,Bistec a la mexicana
8495,Mole de olla
8496,Pollo con verduras
8497,Carne pollo o pescado guisados con salsas picantes ó adobos
8498,Pollo con mole
8499,Bistec de res en salsa pasilla
8500,Cochinita pibil
8501,Puntas al albañil
8502,Cerdo en adobo
8503,Res en adobo
8504,Carnes empanizadas
8505,Croquetas de atún
8506,Filete de pescado empanizado
8507,Milanesa empanizada
8508,Pollo empanizado
8509,Carne pollo queso con cereales
8510,Chilaquiles rojos con pollo
8511,Enchiladas con pollo
8512,Enchiladas con res
8513,Lasagna de carne
8514,Hojaldre con pollo
8515,Sopes con chorizo
8516,Tacos de canasta
8517,Tacos de guisado
8518,Tostadas de tinga
8519,Tacos al pastor
8520,Tacos de barbacoa
8521,Tacos de canasta (3 piezas)
8522,Tacos de carnitas
8523,Tacos de guisado (var)
8524,Tlacoyos
8525,Tostadas de pollo o chorizo
8526,Tostadas vegetarianas
8527,Budín azteca
8528,Gorditas de requesón
8529,Empanada de atún
8530,Huarache de carne o verdura
8531,Lasagna vegetariana con parmesano
8532,Quesadillas surtidas
8533,Sandwich de jamón y queso
8534,Sincronizadas
8535,Hot dog
8536,Burritas
8537,Flautas de pollo
8538,Gorditas de chicharrón
8539,Hamburguesa con pan
8540,Tortas tamales y pizzas
8541,Torta de jamón
8542,Tamal
8543,Pay de tamal
8544,Pizza
8545,Cereal con verdura
8546,Empanada de verdura
8547,Lasagna vegetariana
8548,Quesadillas de hongos
8549,Tortas de papa con verdura
8550,Pizza vegetariana
8551,Cereal con leguminosas y queso
8552,Enfrijoladas
8553,Molletes
8554,Moros con cristianos
8555,Tacos de frijol
8556,Torta de frijoles con queso
8557,Pozoles
8558,Pozole de cerdo
8559,Pozole de pollo
8560,Potajes
8561,Caldo gallego (potaje)
8562,Fabada (potaje)
8563,Frijoles puercos (potaje)
8564,Frutas en almíbar
8565,Cokctail de frutas
8566,Compota de frutas
8567,Frutas con crema o al horno con mantequilla
8568,Guayabas en almíbar
8569,Duraznos con crema
8570,Fresas con crema
8571,Mangos con rompope
8572,Manzanas al horno
8573,Gelatinas de agua con fruta
8574,Gelatina de guayaba
8575,Gelatina de mango
8576,Gelatina de naranja
8577,Gelatinas de leche con fruta
8578,Gelatina de yogur con mango
8579,Gelatina de leche con fresas
8580,Pan o Crepas con azúcar
8581,Capirotada
8582,Crepas de cajeta
8583,Galletas marías con cajeta
8584,Dulces de leche con huevo y azúcar
8585,Flan
8586,Natillas
8587,Pudin de cajeta
8588,Pasteles tartas y crepas con fruta
8589,Crepas de fresa
8590,Panqué de guayaba
8591,Tarta de frutas
8592,Arroz con leche
9001,Aderezos para ensalada bajos en calorías y grasa
9002,Agua quina
9003,Ate
9004,Ate de guayaba
9005,Ate de membrillo
9006,Azúcar blanca
9007,Azúcar de mesa
9008,Azúcar glass
9009,Azúcar granulada
9010,Azúcar mascabado
9011,Azúcar morena
9012,Bebida láctea fermentada
9013,Bebida para deportistas
9014,Bebida para deportistas en polvo
9015,Boost
9016,Bubbaloo xtreme
9017,Bubulubu
9018,Burn
9019,Café capuchino helado
9020,Café capuchino instantáneo
9021,Cajeta
9022,Caramelo
9023,Caramelo de mantequilla
9024,Caramelo macizo
9025,Caramelo salvavidas
9026,Cáscara de naranja cristalizada
9027,Castaña
9028,Castaña con cáscara
9029,Castaña asada
9030,Chewy candy
9031,Chicle
9032,Chicle bajo en azúcar
9033,Chicloso
9034,Chocolate en polvo sin azúcar
9035,Cocoa en polvo
9036,Conos de helado
9037,Crazy dips sabor frutas
9038,Cubierta de chocolate
9039,Cubierta de fresa
9040,Cubierta de piña
9041,Danonino Yoghurt Bebible sabor fresa
9042,Cueritos de fruta
9043,Flan en polvo
9044,Fruta cristalizada
9045,Gatorade variedad de sabores
9046,Gelatina
9047,Gelatina de Agua Dany sabores fresa limón mandarina mango mora azul piña uva
9048,Gelatina de sabor en polvo
9049,Gelatina en polvo para agua
9050,Gelatina en polvo para leche
9051,Gelatina preparada
9052,Gomitas
9053,Halls nite
9054,Jalea
9055,Jarabe de chocolate
9056,Jarabe de sabor para preparar agua
9057,Jugo de caña de azúcar
9058,Jugo de ciruela pasa
9059,Jugo de cítricos preparado con agua
9060,Jugo de fruta concentrado
9061,Jugo de frutas
9062,Jugo de zanahoria manzana y 3 frutas cítricas
9063,Jugo Natural'es de Lala
9064,Leche condensada
9065,Leche condensada light
9066,Leche en polvo sabor chocolate con malvavisco
9067,Leche en polvo sabor fudge de chocolate
9068,Malvavisco
9069,Malvavisco miniatura
9070,Melaza
9071,Mentas de caramelo
9072,Merengue duro
9073,Mermelada
9074,Mermelada con fructosa
9075,Mermelada de fruta menos azúcar
9076,Miel de abeja
9077,Miel de caña
9078,Miel de maíz
9079,Miel o jarabe sabor maple
9080,Monster Energy
9081,Monster Kaos
9082,Mousse de chocolate sin grasa
9083,Néctar de fruta
9084,Nescafe Dolce Gusto Nestea peach
9085,Nieve de frutas
9086,Obleas de cajeta
9087,Paleta de caramelo
9088,Paleta helada de agua
9089,Paleta helada de fruta
9090,Paleta helada de fruta sin azúcar
9091,Paleta helada de yogurt sabor coco
9092,Panditas
9093,Pasitas con chocolate
9094,Piloncillo
9095,Piloncillo rallado
9096,Ponche de frutas
9097,Queso de tuna
9098,Red Bull
9099,Refresco
9100,Refresco de cola
9101,Refresco de frutas
9102,Salsa catsup
9103,Salsa de manzana
9104,Salsa de tamarindo
9105,Salsa demiglass
9106,Skwinkes clásicos
9107,Té helado en polvo
9108,Aderezo blue cheese bajo en calorías
9109,Aderezo de miel
9110,Aderezo de miel y mostaza bajo en calorías
9111,Aderezo francés bajo en calorías
9112,Aderezo mil islas bajo en calorías
9113,Aderezo ranch bajo en calorías
9114,Aderezo ruso bajo en calorías
9115,Aderezo tipo cesar bajo en calorías
9116,Almendra con chocolate
9117,Almond joy
9118,Almond joy miniatura
9119,Cacahuate confitado (chocolate)
9120,Carlos V
9121,Chispas chocolate hershey
9122,Chispas de chocolate
9123,Chocolate amargo
9124,Chocolate blanco
9125,Chocolate blanco sin azúcar
9126,Chocolate con arroz tostado
9127,Chocolate con almendra
9128,Chocolate con azúcar
9129,Chocolate con galleta y caramelo
9130,Chocolate con leche
9131,Chocolate con leche con menos del 10% proteínas
9132,Chocolate con leche y almendras sin azúcar
9133,Chocolate con nugat
9134,Chocolate con nugat y cacahuate
9135,Chocolate de coco y almendra
9136,Chocolate de leche
9137,Chocolate de menta
9138,Chocolate en polvo con más del 10% proteínas
9139,Chocolate en polvo con menos del 10% proteínas
9140,Chocolate en polvo DICONSA
9141,Chocolate en polvo sin azúcar
9142,Chocolate fundido
9143,Chocolate rallado
9144,Chocolate semi amargo
9145,Chocolate sin azúcar
9146,Cocada
9147,Crema en polvo para café
9148,Flan casero
9149,Flan Danette
9150,Flan de caja preparado con leche descremada
9151,Flan de caja preparado con leche entera
9152,Gelatina de Leche Danette sabor cajeta
9153,Gelatina de Leche Danette sabor coco
9154,Gelatina de Leche Danette sabor fresa
9155,Gelatina de Leche Danette sabor vainilla
9156,Hershey's creme'n Arandano
9157,Jarabe de coco
9158,Kinder delice
9159,Kranky
9160,Lunetas
9161,Malvavisco con chocolate
9162,Mayonesa baja en grasa
9163,Mayonesa light
9164,Mazapan
9165,Menta cubierta con chocolate
9166,Mole
9167,Mole de pepita
9168,Mole poblano
9169,Mole poblano en pasta
9170,Mole poblano preparado
9171,Mousse de chocolate
9172,Natilla Danette sabor Chocolate
9173,Natilla Danette sabor Vainilla
9174,Palanqueta de cacahuate
9175,Paleta helada de café con cubierta de chocolate y almendras
9176,Paleta helada de chocolate cubierta con chocolate
9177,Paleta helada de crema con café cubierta de chocolate y almendras
9178,Paleta helada de vainilla cubierta con chocolate
9179,Paleta helada de vainilla cubierta con chocolate y almendras
9180,Pipián
9181,Rompope sin alcohol
9182,Salsa de cebollín
9183,Salsa de Epazote
9501,Achiote
9502,Agua
9503,Agua mineral
9504,Ajo en polvo
9505,Albahaca deshidratada
9506,Albahaca molida
9507,Alcaparras
9508,Alcaravea
9509,Anís
9510,Arúgula
9511,Aspartame
9512,Azafrán
9513,Café americano
9514,Café con azúcar
9515,Café de grano
9516,Café descafeinado
9517,Café descafeinado preparado
9518,Café en polvo
9519,Café en polvo descafeinado
9520,Café en polvo sabor moka
9521,Café express
9522,Café instantáneo
9523,Café instantáneo preparado
9524,Café instantáneo descafeinado
9525,Café molido
9526,Café ó té sin azúcar
9527,Café sin azúcar
9528,Caldo
9529,Caldo de carne
9530,Caldo de carne concentrado
9531,Caldo de pescado
9532,Caldo de pollo
9533,Caldo de pollo concentrado
9534,Caldo de pollo enlatado
9535,Caldo de res
9536,Caldo de res enlatado
9537,Canela
9538,Canela en polvo
9539,Canela en raja
9540,Canela molida
9541,Cardamomo
9542,Cardamomo molido
9543,Cáscara de limón
9544,Cáscara de naranja
9545,Cebolla deshidratada
9546,Cebolla en polvo
9547,Cebollín
9548,Cebollín deshidratado
9549,Cebollín fresco
9550,Cebollín liofilizado
9551,Chicle sin azúcar
9552,Chile cascabel
9553,Chile en polvo
9554,Chile piquín
9555,Chile piquín molido
9556,Chocolate para repostería sin azúcar
9557,Clavo
9558,Clavo de olor
9559,Clavo en polvo
9560,Clavo entero
9561,Clavo molido
9562,Clight
9563,Coca Cola de dieta
9564,Coca Cola Zero
9565,Coca light
9566,Cocacola de dieta
9567,Cocoa en polvo con aspartame
9568,Cocoa sin azúcar
9569,Cocoa sin azúcar Hershey
9570,Comino
9571,Comino entero
9572,Comino molido
9573,Concentrado de pollo
9574,Consomé
9575,Consomé de camarón en polvo
9576,Consomé de pescado
9577,Consomé de pollo
9578,Consomé de pollo bajo en grasa
9579,Consomé de pollo desgrasado en polvo
9580,Consomé de pollo en cubo
9581,Consomé de pollo en polvo
9582,Consomé de res
9583,Consomé de res condensado
9584,Consomé de res en cubo
9585,Consomé de res en polvo
9586,Consomé de res enlatado
9587,Consomé en polvo
9588,Consomé sabor tomate
9589,Cremor tártaro
9590,Cubo consomé
9591,Curry
9592,Curry en polvo
9593,Decaf
9594,Diet coke
9595,Diet sprite
9596,Eneldo
9597,Eneldo deshidratado
9598,Eneldo en semilla
9599,Especias para sazonar aves
9600,Estragón
9601,Estragón molido
9602,Estragón seco
9603,Extracto de vainilla
9604,Flor de jamaica
9605,Gelatina de dieta
9606,Gelatina sin azúcar preparada
9607,Grenetina sin sabor
9608,Hierbabuena
9609,Hierbas de olor
9610,Hierbas finas
9611,Hierbas molidas
9612,Hinojo
9613,Hoja de aguacate
9614,Hojas de laurel
9615,Jamaica
9616,Jengibre
9617,Jengibre fresco
9618,Jengibre molido
9619,Jengibre rallado
9620,Kool-Aid en polvo sin azúcar
9621,Laurel
9622,Laurel fresco
9623,Laurel troceado
9624,Levadura comprimida
9625,Levadura en polvo
9626,Levadura fresca
9627,Levadura seca
9628,Limón
9629,Limón agrio
9630,Limón sin semilla
9631,Manzanilla fresca
9632,Manzanilla seca
9633,Mejorana
9634,Menta
9635,Menta fresca
9636,Menta molida
9637,Monster Lo-Carb Energía
9638,Mostaza
9639,Mostaza Dijón
9640,Mostaza en polvo
9641,Nuez moscada
9642,Nuez moscada molida
9643,Nutra sweet
9644,Orange crush diet
9645,Orégano
9646,Orégano molido
9647,Orégano troceado
9648,Paprika
9649,Pepsi de dieta
9650,Pepsi Max
9651,Perejil deshidratado
9652,Pimentón
9653,Pimienta
9654,Pimienta blanca
9655,Pimienta blanca en polvo
9656,Pimienta blanca entera
9657,Pimienta blanca molida
9658,Pimienta de cayena
9659,Pimienta de tabasco
9660,Pimienta gorda
9661,Pimienta molida
9662,Pimienta negra
9663,Pimienta negra en polvo
9664,Pimienta negra entera
9665,Pimienta negra molida
9666,Pimienta roja
9667,Pimienta verde
9668,Raíz de jengibre
9669,Raíz fuerte
9670,Raja de canela
9671,Ralladura de limón
9672,Ralladura de naranja
9673,Red Bull sugar free
9674,Refresco de dieta
9675,Refresco en polvo sin azúcar
9676,Romero
9677,Romero deshidratado
9678,Romero picado
9679,Sal
9680,Sal de ajo
9681,Sal de apio
9682,Sal de potasio
9683,Salsa de barbecue
9684,Salsa de soya
9685,Salsa inglesa
9686,Salsa Tabasco
9687,Salsa teriyaki
9688,Salvia
9689,Semilla de anís
9690,Semilla de apio
9691,Semilla de cardamomo
9692,Semilla de cilantro
9693,Semilla de eneldo
9694,Semilla de mostaza
9695,Sidral de dieta
9696,Sidral light
9697,Squirt de dieta
9698,Squirt light
9699,Tomillo
9700,Vainilla
9701,Vainilla en trozo
9702,Vinagre
9703,Vinagre balsámico
9704,Vinagre blanco
9705,Vinagre de caña
9706,Vinagre de fruta
9707,Vinagre de jeréz
9708,Vinagre de manzana
9709,Vinagre de sidra
9710,Vinagre de vino
9711,Vinagre de yema
9801,Hamburguesa con queso
9802,Double Whopper con queso
9803,Whopper con queso
9804,Chicken tenders (5 piezas)
9805,Whopper de pollo
9806,Croissant con huevo y queso
9807,Croissant con salchicha y queso
9808,Croissant con salchicha huevo y queso
9809,Pan tostado francés (5 sticks)
9810,Papas fritas porción mediana
9811,Papas fritas porción grande
9812,Papas estilo hash brown 2.6 oz
9813,Papas estilo hash brown 4.5 oz
9814,Malteada de vainilla
9815,Hamburguesa con queso
9816,Hamburguesa doble con queso
9817,Hamburguesa de pollo crispy
9818,Hamburguesa de pollo al grill
9819,Hamburguesa
9820,Quarter Pounder
9821,Quarter Pounder con queso
9822,Quarter Pounder doble
9823,Big Mac
9824,Nugget de pollo
9825,Tiras de pechuga
9826,Biscuit
9827,Biscuit con tocino huevo y queso
9828,Biscuit con salchicha
9829,Biscuit con salchicha y huevo
9830,Burrito con salchicha
9831,McMuffin de huevo
9832,Huevos revueltos
9833,Muffin inglés
9834,Papas fritas pequeña
9835,Yogur con fruta
9836,Yogur con fruta y granóla
9837,Hot cakes con margarina y jarabe
9838,Ensalada de tocino con ranch
9839,Ensalada de tocino con pollo crispy y ranch
9840,Ensalada con tocino y pollo al grill
9841,Ensalada César
9842,Ensalada de pollo crispy con aderezo Cesar
9843,Ensalada de pollo grill con aderezo Cesar
9844,Ensalada de frutas y nuez
9845,Salsa de caramelo baja en grasa
9846,Salsa de nuggets barbeque
9847,Salsa de nuggets miel
9848,Salsa de nuggets agridulce
9849,Aderezo balsámico bajo en grasa
9850,Aderezo César
9851,Pay de manzana
9852,Cono
9853,McFlurry M&M
9854,McFlurry Oreo
9855,Malteada de chocolate
9856,Malteada de fresa
9857,Malteada de vainilla
9858,Sundae caramelo
9859,Sundae hot fudge
9860,Sundae fresa
9861,Hamburguesa doble con queso clásica
9862,Hamburguesa sencilla con queso clásica
9863,Hamburguesa junior con queso
9864,Hamburguesa sencilla clásica
9865,Hamburguesa junior
9866,Hamburguesa de pechuga
9867,Hamburguesa de pechuga al grill
9868,Nuggets de pollo /5 piezas
9869,Papas a la francesa kid
9870,Papas a la francesa mediana
9871,Papas a la francesa grande
9872,Frosty dairy dessert junior
9873,Frosty dairy dessert pequeño
9874,Frosty dairy dessert mediana
9875,Té helado sin hielo sin azúcar
9876,Pizza de queso corteza normal rebanada mediana
9877,Pizza de queso corteza delgada rebanada mediana
9878,Pizza extravaganza corteza normal rebanada mediana
9879,Pizza pepperoni corteza normal rebanada mediana
9880,Pizza de queso corteza regular
9881,Pizza de queso corteza delgada
9882,Pizza de pepperoni corteza regular
9883,Pizza The Works corteza regular
9884,Pizza de queso corteza regular
9885,Pizza de queso corteza delgada
9886,Pizza de pepperoni corteza regular
9887,Pizza de pepperoni corteza delgada
9888,Pizza Super supreme corteza regular
9889,Pizza de queso corteza regular
9890,Pizza de queso corteza delgada
9891,Pizza de vegetales y carne corteza regular
9892,Pizza de pepperoni corteza regular
9893,Bisquet
9894,Ensalada de col
9895,Puré de papa con gravy
9896,Crispy chicken
9897,Extra Crispy chicken pechuga
9898,Extra Crispy chicken pierna
9899,Extra Crispy chicken ala
9900,Pechuga receta original
9901,Tiras de pollo con receta original
9902,Pierna receta original
9903,Ala receta original
9904,Popcorn de pollo tamaño kid
9905,Popcorn de pollo tamaño regular
9906,Chicken bacon ranch MELT
9907,Ham
9908,Italian BMT
9909,Meatball marinara
9910,Oven roasted chicken
9911,Roast beef
9912,Steak and cheese
9913,Subway Club
9914,Subway melt w/cheese
9915,Sweet onion chicken teriyaki
9916,Tuna
9917,Turkey breast
9918,Turkey breast and ham
9919,Burrito de frijoles
9920,Burrito Supreme con carne
9921,Burrito Supreme con pollo
9922,Burrito Supreme con bistec
9923,Nachos
9924,Nachos supreme
9925,Grilled steak soft taco
9926,Chicken soft taco
9927,Soft taco beef
9928,Café americano
9929,Expresso
9930,Capuchino con leche entera grande
9931,Café latte con leche entera grande
9932,Café mocha con leche entera y crema batida
9933,Caramel Macchiato con leche entera
9934,Frapuchino caramel con crema batida
9935,Frapuchino mocha con crema batida
9936,Frapuchino con crema batida
9937,Chocolate caliente con leche entera y crema batida
9938,Latte frió
9939,Mocha frió
9940,Mocha chocolate blanco con leche entera y crema batida
9941,Chocolate blanco caliente con leche entera y crema batida
9942,Frapuchino caramel light
9943,Frapuchino mocha light
9944,Frapuchino light
9945,Café latte con leche baja en grasa
9946,Limonada Tazo
9947,Té helado negro/verde Marca Tazo
9948,Té helado pasión marca Tazo
